path	symbol	count
src/arguments.rs	dquoted	1
src/arguments.rs	squoted	1
src/client.rs	msg	1
src/client.rs	pledge_applied	1
src/cmd/entries/list_keys.rs	l	1
src/cmd/entries/list_keys.rs	lsz	1
src/cmd/entries/resize_pane.rs	offsets	1
src/cmd/parse.rs	pr	3
src/cmd/queue.rs	global_queue	1
src/cmd/queue.rs	number	1
src/cmd/queue.rs	s	1
src/compat/getopt_long.rs	posixly_correct	1
src/control_notify.rs	events	1
src/format.rs	cached	1
src/format.rs	spaces	1
src/format.rs	table	1
src/format.rs	tv	5
src/fuzzy.rs	boundary	1
src/grid/core.rs	attrs	1
src/grid/core.rs	lastgc1	1
src/grid/core.rs	s	3
src/input.rs	rc	1
src/input_keys.rs	buf	1
src/input_keys.rs	standard_map	1
src/key_bindings.rs	defaults	1
src/osdep_linux.rs	target	1
src/prompt.rs	tmp	1
src/screen.rs	buf	1
src/screen.rs	len	1
src/screen.rs	tmp	1
src/screen_redraw.rs	s	1
src/server.rs	last	1
src/server_client.rs	ev	1
src/server_client.rs	s	1
src/sort.rs	l	10
src/sort.rs	lsz	10
src/style/parsing.rs	s	1
src/text/utf8.rs	empty	1
src/tmux.rs	cwd	1
src/tmux.rs	home	1
src/tmux.rs	s	1
src/tty.rs	new	1
src/tty.rs	s	1
src/tty_features.rs	s	1
src/tty_features.rs	table	1
src/tty_keys.rs	paste_end	1
src/tty_keys.rs	prefix	1
src/tty_term.rs	buf	1
src/tty_term.rs	s	1
src/tty_term.rs	value	1
src/window.rs	flags	2
src/window_copy.rs	ud	1
src/window_visible.rs	sr	1
