name	original_owner	provider	kind
TERMINAL	src/tty_term.rs	src/ffi/ncurses.rs	type
_IO_codecvt	src/shared/stdio.rs	src/ffi/libc.rs	type
_IO_marker	src/shared/stdio.rs	src/ffi/libc.rs	type
_IO_wide_data	src/shared/stdio.rs	src/ffi/libc.rs	type
__ssize_t	src/prompt_history.rs	src/ffi/libc.rs	type
__useconds_t	src/tty.rs	src/ffi/libc.rs	type
bufferevent_ops	src/shared/event.rs	src/ffi/libevent.rs	type
dirent	src/shared/posix_io.rs	src/ffi/libc.rs	type
evbuffer	src/shared/event.rs	src/ffi/libevent.rs	type
event_base	src/shared/event.rs	src/ffi/libevent.rs	type
event_log_cb	src/log.rs	src/ffi/libevent.rs	type
int32_t	src/compat/utf8proc.rs	src/ffi/utf8proc.rs	type
msghdr	src/compat/imsg_buffer.rs	src/ffi/libc.rs	struct
nfds_t	src/control.rs	src/ffi/libc.rs	type
nl_item	src/tmux.rs	src/ffi/libc.rs	type
pollfd	src/control.rs	src/ffi/libc.rs	struct
ptrdiff_t	src/compat/utf8proc.rs	src/ffi/utf8proc.rs	type
re_dfa_t	src/shared/regex.rs	src/ffi/libc.rs	type
sd_bus	src/compat/systemd.rs	src/ffi/systemd.rs	type
sd_bus_error	src/compat/systemd.rs	src/ffi/systemd.rs	struct
sd_bus_message	src/compat/systemd.rs	src/ffi/systemd.rs	type
sd_bus_message_handler_t	src/compat/systemd.rs	src/ffi/systemd.rs	type
sd_bus_slot	src/compat/systemd.rs	src/ffi/systemd.rs	type
sd_id128	src/compat/systemd.rs	src/ffi/systemd.rs	union
sd_id128_t	src/compat/systemd.rs	src/ffi/systemd.rs	type
sockaddr_at	src/shared/socket.rs	src/ffi/libc.rs	type
sockaddr_ax25	src/shared/socket.rs	src/ffi/libc.rs	type
sockaddr_dl	src/shared/socket.rs	src/ffi/libc.rs	type
sockaddr_eon	src/shared/socket.rs	src/ffi/libc.rs	type
sockaddr_inarp	src/shared/socket.rs	src/ffi/libc.rs	type
sockaddr_ipx	src/shared/socket.rs	src/ffi/libc.rs	type
sockaddr_iso	src/shared/socket.rs	src/ffi/libc.rs	type
sockaddr_ns	src/shared/socket.rs	src/ffi/libc.rs	type
sockaddr_x25	src/shared/socket.rs	src/ffi/libc.rs	type
utf8proc_bool	src/compat/utf8proc.rs	src/ffi/utf8proc.rs	type
utf8proc_category_t	src/compat/utf8proc.rs	src/ffi/utf8proc.rs	type
utf8proc_int32_t	src/compat/utf8proc.rs	src/ffi/utf8proc.rs	type
utf8proc_ssize_t	src/compat/utf8proc.rs	src/ffi/utf8proc.rs	type
utf8proc_uint8_t	src/compat/utf8proc.rs	src/ffi/utf8proc.rs	type
utsname	src/proc.rs	src/ffi/libc.rs	struct
