file	kind	original	authoritative	original_sha256
src/alerts.rs	union	C2RustUnnamed_12	grid_cell_entry_storage	9c46b934084924fa90031bce0d2e138e98a81d208fce55237894c155fe8ad48e
src/alerts.rs	struct	C2RustUnnamed_13	grid_cell_entry_data	9df55e37fdd4e03509f8211c82dd64427d740df37e1173a691ffd58763338862
src/arguments.rs	union	C2RustUnnamed_20	grid_cell_entry_storage	a9cbfe0fb87df68bdd5c4dc67ce277b68e6e90247d8337ffc9d4abdc923e1890
src/arguments.rs	struct	C2RustUnnamed_21	grid_cell_entry_data	029380f768fecc785ff567fef7c8b17e50c544c207aa7e29064e4e4e7cb2bc95
src/cfg.rs	union	C2RustUnnamed_12	grid_cell_entry_storage	9c46b934084924fa90031bce0d2e138e98a81d208fce55237894c155fe8ad48e
src/cfg.rs	struct	C2RustUnnamed_13	grid_cell_entry_data	9df55e37fdd4e03509f8211c82dd64427d740df37e1173a691ffd58763338862
src/client.rs	union	C2RustUnnamed_25	grid_cell_entry_storage	f789f76d30cda65691c8e71bf757769829900a38019ed9a238619ad54b03f98b
src/client.rs	struct	C2RustUnnamed_26	grid_cell_entry_data	200c9401539b5495a704f56c13d97e6cad6d0976be8612b96b9dff88b493d448
src/cmd.rs	union	C2RustUnnamed_12	grid_cell_entry_storage	9c46b934084924fa90031bce0d2e138e98a81d208fce55237894c155fe8ad48e
src/cmd.rs	struct	C2RustUnnamed_13	grid_cell_entry_data	9df55e37fdd4e03509f8211c82dd64427d740df37e1173a691ffd58763338862
src/cmd_attach_session.rs	union	C2RustUnnamed_12	grid_cell_entry_storage	9c46b934084924fa90031bce0d2e138e98a81d208fce55237894c155fe8ad48e
src/cmd_attach_session.rs	struct	C2RustUnnamed_13	grid_cell_entry_data	9df55e37fdd4e03509f8211c82dd64427d740df37e1173a691ffd58763338862
src/cmd_bind_key.rs	union	C2RustUnnamed_12	grid_cell_entry_storage	9c46b934084924fa90031bce0d2e138e98a81d208fce55237894c155fe8ad48e
src/cmd_bind_key.rs	struct	C2RustUnnamed_13	grid_cell_entry_data	9df55e37fdd4e03509f8211c82dd64427d740df37e1173a691ffd58763338862
src/cmd_break_pane.rs	union	C2RustUnnamed_12	grid_cell_entry_storage	9c46b934084924fa90031bce0d2e138e98a81d208fce55237894c155fe8ad48e
src/cmd_break_pane.rs	struct	C2RustUnnamed_13	grid_cell_entry_data	9df55e37fdd4e03509f8211c82dd64427d740df37e1173a691ffd58763338862
src/cmd_capture_pane.rs	union	C2RustUnnamed_12	grid_cell_entry_storage	9c46b934084924fa90031bce0d2e138e98a81d208fce55237894c155fe8ad48e
src/cmd_capture_pane.rs	struct	C2RustUnnamed_13	grid_cell_entry_data	9df55e37fdd4e03509f8211c82dd64427d740df37e1173a691ffd58763338862
src/cmd_choose_tree.rs	union	C2RustUnnamed_12	grid_cell_entry_storage	9c46b934084924fa90031bce0d2e138e98a81d208fce55237894c155fe8ad48e
src/cmd_choose_tree.rs	struct	C2RustUnnamed_13	grid_cell_entry_data	9df55e37fdd4e03509f8211c82dd64427d740df37e1173a691ffd58763338862
src/cmd_command_prompt.rs	union	C2RustUnnamed_12	grid_cell_entry_storage	9c46b934084924fa90031bce0d2e138e98a81d208fce55237894c155fe8ad48e
src/cmd_command_prompt.rs	struct	C2RustUnnamed_13	grid_cell_entry_data	9df55e37fdd4e03509f8211c82dd64427d740df37e1173a691ffd58763338862
src/cmd_confirm_before.rs	union	C2RustUnnamed_12	grid_cell_entry_storage	9c46b934084924fa90031bce0d2e138e98a81d208fce55237894c155fe8ad48e
src/cmd_confirm_before.rs	struct	C2RustUnnamed_13	grid_cell_entry_data	9df55e37fdd4e03509f8211c82dd64427d740df37e1173a691ffd58763338862
src/cmd_copy_mode.rs	union	C2RustUnnamed_12	grid_cell_entry_storage	9c46b934084924fa90031bce0d2e138e98a81d208fce55237894c155fe8ad48e
src/cmd_copy_mode.rs	struct	C2RustUnnamed_13	grid_cell_entry_data	9df55e37fdd4e03509f8211c82dd64427d740df37e1173a691ffd58763338862
src/cmd_detach_client.rs	union	C2RustUnnamed_12	grid_cell_entry_storage	9c46b934084924fa90031bce0d2e138e98a81d208fce55237894c155fe8ad48e
src/cmd_detach_client.rs	struct	C2RustUnnamed_13	grid_cell_entry_data	9df55e37fdd4e03509f8211c82dd64427d740df37e1173a691ffd58763338862
src/cmd_display_menu.rs	union	C2RustUnnamed_12	grid_cell_entry_storage	9c46b934084924fa90031bce0d2e138e98a81d208fce55237894c155fe8ad48e
src/cmd_display_menu.rs	struct	C2RustUnnamed_13	grid_cell_entry_data	9df55e37fdd4e03509f8211c82dd64427d740df37e1173a691ffd58763338862
src/cmd_display_message.rs	union	C2RustUnnamed_12	grid_cell_entry_storage	9c46b934084924fa90031bce0d2e138e98a81d208fce55237894c155fe8ad48e
src/cmd_display_message.rs	struct	C2RustUnnamed_13	grid_cell_entry_data	9df55e37fdd4e03509f8211c82dd64427d740df37e1173a691ffd58763338862
src/cmd_find.rs	union	C2RustUnnamed_12	grid_cell_entry_storage	9c46b934084924fa90031bce0d2e138e98a81d208fce55237894c155fe8ad48e
src/cmd_find.rs	struct	C2RustUnnamed_13	grid_cell_entry_data	9df55e37fdd4e03509f8211c82dd64427d740df37e1173a691ffd58763338862
src/cmd_find_window.rs	union	C2RustUnnamed_12	grid_cell_entry_storage	9c46b934084924fa90031bce0d2e138e98a81d208fce55237894c155fe8ad48e
src/cmd_find_window.rs	struct	C2RustUnnamed_13	grid_cell_entry_data	9df55e37fdd4e03509f8211c82dd64427d740df37e1173a691ffd58763338862
src/cmd_if_shell.rs	union	C2RustUnnamed_12	grid_cell_entry_storage	9c46b934084924fa90031bce0d2e138e98a81d208fce55237894c155fe8ad48e
src/cmd_if_shell.rs	struct	C2RustUnnamed_13	grid_cell_entry_data	9df55e37fdd4e03509f8211c82dd64427d740df37e1173a691ffd58763338862
src/cmd_join_pane.rs	union	C2RustUnnamed_12	grid_cell_entry_storage	9c46b934084924fa90031bce0d2e138e98a81d208fce55237894c155fe8ad48e
src/cmd_join_pane.rs	struct	C2RustUnnamed_13	grid_cell_entry_data	9df55e37fdd4e03509f8211c82dd64427d740df37e1173a691ffd58763338862
src/cmd_kill_pane.rs	union	C2RustUnnamed_12	grid_cell_entry_storage	9c46b934084924fa90031bce0d2e138e98a81d208fce55237894c155fe8ad48e
src/cmd_kill_pane.rs	struct	C2RustUnnamed_13	grid_cell_entry_data	9df55e37fdd4e03509f8211c82dd64427d740df37e1173a691ffd58763338862
src/cmd_kill_session.rs	union	C2RustUnnamed_12	grid_cell_entry_storage	9c46b934084924fa90031bce0d2e138e98a81d208fce55237894c155fe8ad48e
src/cmd_kill_session.rs	struct	C2RustUnnamed_13	grid_cell_entry_data	9df55e37fdd4e03509f8211c82dd64427d740df37e1173a691ffd58763338862
src/cmd_kill_window.rs	union	C2RustUnnamed_12	grid_cell_entry_storage	9c46b934084924fa90031bce0d2e138e98a81d208fce55237894c155fe8ad48e
src/cmd_kill_window.rs	struct	C2RustUnnamed_13	grid_cell_entry_data	9df55e37fdd4e03509f8211c82dd64427d740df37e1173a691ffd58763338862
src/cmd_list_buffers.rs	union	C2RustUnnamed_12	grid_cell_entry_storage	9c46b934084924fa90031bce0d2e138e98a81d208fce55237894c155fe8ad48e
src/cmd_list_buffers.rs	struct	C2RustUnnamed_13	grid_cell_entry_data	9df55e37fdd4e03509f8211c82dd64427d740df37e1173a691ffd58763338862
src/cmd_list_clients.rs	union	C2RustUnnamed_12	grid_cell_entry_storage	9c46b934084924fa90031bce0d2e138e98a81d208fce55237894c155fe8ad48e
src/cmd_list_clients.rs	struct	C2RustUnnamed_13	grid_cell_entry_data	9df55e37fdd4e03509f8211c82dd64427d740df37e1173a691ffd58763338862
src/cmd_list_commands.rs	union	C2RustUnnamed_12	grid_cell_entry_storage	9c46b934084924fa90031bce0d2e138e98a81d208fce55237894c155fe8ad48e
src/cmd_list_commands.rs	struct	C2RustUnnamed_13	grid_cell_entry_data	9df55e37fdd4e03509f8211c82dd64427d740df37e1173a691ffd58763338862
src/cmd_list_keys.rs	union	C2RustUnnamed_12	grid_cell_entry_storage	9c46b934084924fa90031bce0d2e138e98a81d208fce55237894c155fe8ad48e
src/cmd_list_keys.rs	struct	C2RustUnnamed_13	grid_cell_entry_data	9df55e37fdd4e03509f8211c82dd64427d740df37e1173a691ffd58763338862
src/cmd_list_panes.rs	union	C2RustUnnamed_12	grid_cell_entry_storage	9c46b934084924fa90031bce0d2e138e98a81d208fce55237894c155fe8ad48e
src/cmd_list_panes.rs	struct	C2RustUnnamed_13	grid_cell_entry_data	9df55e37fdd4e03509f8211c82dd64427d740df37e1173a691ffd58763338862
src/cmd_list_sessions.rs	union	C2RustUnnamed_12	grid_cell_entry_storage	9c46b934084924fa90031bce0d2e138e98a81d208fce55237894c155fe8ad48e
src/cmd_list_sessions.rs	struct	C2RustUnnamed_13	grid_cell_entry_data	9df55e37fdd4e03509f8211c82dd64427d740df37e1173a691ffd58763338862
src/cmd_list_windows.rs	union	C2RustUnnamed_12	grid_cell_entry_storage	9c46b934084924fa90031bce0d2e138e98a81d208fce55237894c155fe8ad48e
src/cmd_list_windows.rs	struct	C2RustUnnamed_13	grid_cell_entry_data	9df55e37fdd4e03509f8211c82dd64427d740df37e1173a691ffd58763338862
src/cmd_load_buffer.rs	union	C2RustUnnamed_12	grid_cell_entry_storage	9c46b934084924fa90031bce0d2e138e98a81d208fce55237894c155fe8ad48e
src/cmd_load_buffer.rs	struct	C2RustUnnamed_13	grid_cell_entry_data	9df55e37fdd4e03509f8211c82dd64427d740df37e1173a691ffd58763338862
src/cmd_lock_server.rs	union	C2RustUnnamed_12	grid_cell_entry_storage	9c46b934084924fa90031bce0d2e138e98a81d208fce55237894c155fe8ad48e
src/cmd_lock_server.rs	struct	C2RustUnnamed_13	grid_cell_entry_data	9df55e37fdd4e03509f8211c82dd64427d740df37e1173a691ffd58763338862
src/cmd_move_window.rs	union	C2RustUnnamed_12	grid_cell_entry_storage	9c46b934084924fa90031bce0d2e138e98a81d208fce55237894c155fe8ad48e
src/cmd_move_window.rs	struct	C2RustUnnamed_13	grid_cell_entry_data	9df55e37fdd4e03509f8211c82dd64427d740df37e1173a691ffd58763338862
src/cmd_new_session.rs	union	C2RustUnnamed_12	grid_cell_entry_storage	9c46b934084924fa90031bce0d2e138e98a81d208fce55237894c155fe8ad48e
src/cmd_new_session.rs	struct	C2RustUnnamed_13	grid_cell_entry_data	9df55e37fdd4e03509f8211c82dd64427d740df37e1173a691ffd58763338862
src/cmd_new_window.rs	union	C2RustUnnamed_12	grid_cell_entry_storage	9c46b934084924fa90031bce0d2e138e98a81d208fce55237894c155fe8ad48e
src/cmd_new_window.rs	struct	C2RustUnnamed_13	grid_cell_entry_data	9df55e37fdd4e03509f8211c82dd64427d740df37e1173a691ffd58763338862
src/cmd_parse.rs	union	C2RustUnnamed_13	grid_cell_entry_storage	ce081f1a63e5e59096c34c348112aa1587ed8c70ea7b9e84a18d2bb88595a824
src/cmd_parse.rs	struct	C2RustUnnamed_14	grid_cell_entry_data	db2751626b1f0a1d6cd09947681f95fe64d7ed4e22c705b1c2347c4232ac185a
src/cmd_paste_buffer.rs	union	C2RustUnnamed_12	grid_cell_entry_storage	9c46b934084924fa90031bce0d2e138e98a81d208fce55237894c155fe8ad48e
src/cmd_paste_buffer.rs	struct	C2RustUnnamed_13	grid_cell_entry_data	9df55e37fdd4e03509f8211c82dd64427d740df37e1173a691ffd58763338862
src/cmd_pipe_pane.rs	union	C2RustUnnamed_12	grid_cell_entry_storage	9c46b934084924fa90031bce0d2e138e98a81d208fce55237894c155fe8ad48e
src/cmd_pipe_pane.rs	struct	C2RustUnnamed_13	grid_cell_entry_data	9df55e37fdd4e03509f8211c82dd64427d740df37e1173a691ffd58763338862
src/cmd_queue.rs	union	C2RustUnnamed_12	grid_cell_entry_storage	9c46b934084924fa90031bce0d2e138e98a81d208fce55237894c155fe8ad48e
src/cmd_queue.rs	struct	C2RustUnnamed_13	grid_cell_entry_data	9df55e37fdd4e03509f8211c82dd64427d740df37e1173a691ffd58763338862
src/cmd_refresh_client.rs	union	C2RustUnnamed_12	grid_cell_entry_storage	9c46b934084924fa90031bce0d2e138e98a81d208fce55237894c155fe8ad48e
src/cmd_refresh_client.rs	struct	C2RustUnnamed_13	grid_cell_entry_data	9df55e37fdd4e03509f8211c82dd64427d740df37e1173a691ffd58763338862
src/cmd_rename_session.rs	union	C2RustUnnamed_12	grid_cell_entry_storage	9c46b934084924fa90031bce0d2e138e98a81d208fce55237894c155fe8ad48e
src/cmd_rename_session.rs	struct	C2RustUnnamed_13	grid_cell_entry_data	9df55e37fdd4e03509f8211c82dd64427d740df37e1173a691ffd58763338862
src/cmd_rename_window.rs	union	C2RustUnnamed_12	grid_cell_entry_storage	9c46b934084924fa90031bce0d2e138e98a81d208fce55237894c155fe8ad48e
src/cmd_rename_window.rs	struct	C2RustUnnamed_13	grid_cell_entry_data	9df55e37fdd4e03509f8211c82dd64427d740df37e1173a691ffd58763338862
src/cmd_resize_pane.rs	union	C2RustUnnamed_12	grid_cell_entry_storage	9c46b934084924fa90031bce0d2e138e98a81d208fce55237894c155fe8ad48e
src/cmd_resize_pane.rs	struct	C2RustUnnamed_13	grid_cell_entry_data	9df55e37fdd4e03509f8211c82dd64427d740df37e1173a691ffd58763338862
src/cmd_resize_window.rs	union	C2RustUnnamed_12	grid_cell_entry_storage	9c46b934084924fa90031bce0d2e138e98a81d208fce55237894c155fe8ad48e
src/cmd_resize_window.rs	struct	C2RustUnnamed_13	grid_cell_entry_data	9df55e37fdd4e03509f8211c82dd64427d740df37e1173a691ffd58763338862
src/cmd_respawn_pane.rs	union	C2RustUnnamed_12	grid_cell_entry_storage	9c46b934084924fa90031bce0d2e138e98a81d208fce55237894c155fe8ad48e
src/cmd_respawn_pane.rs	struct	C2RustUnnamed_13	grid_cell_entry_data	9df55e37fdd4e03509f8211c82dd64427d740df37e1173a691ffd58763338862
src/cmd_respawn_window.rs	union	C2RustUnnamed_12	grid_cell_entry_storage	9c46b934084924fa90031bce0d2e138e98a81d208fce55237894c155fe8ad48e
src/cmd_respawn_window.rs	struct	C2RustUnnamed_13	grid_cell_entry_data	9df55e37fdd4e03509f8211c82dd64427d740df37e1173a691ffd58763338862
src/cmd_rotate_window.rs	union	C2RustUnnamed_12	grid_cell_entry_storage	9c46b934084924fa90031bce0d2e138e98a81d208fce55237894c155fe8ad48e
src/cmd_rotate_window.rs	struct	C2RustUnnamed_13	grid_cell_entry_data	9df55e37fdd4e03509f8211c82dd64427d740df37e1173a691ffd58763338862
src/cmd_run_shell.rs	union	C2RustUnnamed_12	grid_cell_entry_storage	9c46b934084924fa90031bce0d2e138e98a81d208fce55237894c155fe8ad48e
src/cmd_run_shell.rs	struct	C2RustUnnamed_13	grid_cell_entry_data	9df55e37fdd4e03509f8211c82dd64427d740df37e1173a691ffd58763338862
src/cmd_save_buffer.rs	union	C2RustUnnamed_12	grid_cell_entry_storage	9c46b934084924fa90031bce0d2e138e98a81d208fce55237894c155fe8ad48e
src/cmd_save_buffer.rs	struct	C2RustUnnamed_13	grid_cell_entry_data	9df55e37fdd4e03509f8211c82dd64427d740df37e1173a691ffd58763338862
src/cmd_select_layout.rs	union	C2RustUnnamed_12	grid_cell_entry_storage	9c46b934084924fa90031bce0d2e138e98a81d208fce55237894c155fe8ad48e
src/cmd_select_layout.rs	struct	C2RustUnnamed_13	grid_cell_entry_data	9df55e37fdd4e03509f8211c82dd64427d740df37e1173a691ffd58763338862
src/cmd_select_pane.rs	union	C2RustUnnamed_12	grid_cell_entry_storage	9c46b934084924fa90031bce0d2e138e98a81d208fce55237894c155fe8ad48e
src/cmd_select_pane.rs	struct	C2RustUnnamed_13	grid_cell_entry_data	9df55e37fdd4e03509f8211c82dd64427d740df37e1173a691ffd58763338862
src/cmd_select_window.rs	union	C2RustUnnamed_12	grid_cell_entry_storage	9c46b934084924fa90031bce0d2e138e98a81d208fce55237894c155fe8ad48e
src/cmd_select_window.rs	struct	C2RustUnnamed_13	grid_cell_entry_data	9df55e37fdd4e03509f8211c82dd64427d740df37e1173a691ffd58763338862
src/cmd_send_keys.rs	union	C2RustUnnamed_12	grid_cell_entry_storage	9c46b934084924fa90031bce0d2e138e98a81d208fce55237894c155fe8ad48e
src/cmd_send_keys.rs	struct	C2RustUnnamed_13	grid_cell_entry_data	9df55e37fdd4e03509f8211c82dd64427d740df37e1173a691ffd58763338862
src/cmd_server_access.rs	union	C2RustUnnamed_12	grid_cell_entry_storage	9c46b934084924fa90031bce0d2e138e98a81d208fce55237894c155fe8ad48e
src/cmd_server_access.rs	struct	C2RustUnnamed_13	grid_cell_entry_data	9df55e37fdd4e03509f8211c82dd64427d740df37e1173a691ffd58763338862
src/cmd_set_buffer.rs	union	C2RustUnnamed_12	grid_cell_entry_storage	9c46b934084924fa90031bce0d2e138e98a81d208fce55237894c155fe8ad48e
src/cmd_set_buffer.rs	struct	C2RustUnnamed_13	grid_cell_entry_data	9df55e37fdd4e03509f8211c82dd64427d740df37e1173a691ffd58763338862
src/cmd_set_environment.rs	union	C2RustUnnamed_12	grid_cell_entry_storage	9c46b934084924fa90031bce0d2e138e98a81d208fce55237894c155fe8ad48e
src/cmd_set_environment.rs	struct	C2RustUnnamed_13	grid_cell_entry_data	9df55e37fdd4e03509f8211c82dd64427d740df37e1173a691ffd58763338862
src/cmd_set_option.rs	union	C2RustUnnamed_12	grid_cell_entry_storage	9c46b934084924fa90031bce0d2e138e98a81d208fce55237894c155fe8ad48e
src/cmd_set_option.rs	struct	C2RustUnnamed_13	grid_cell_entry_data	9df55e37fdd4e03509f8211c82dd64427d740df37e1173a691ffd58763338862
src/cmd_show_environment.rs	union	C2RustUnnamed_12	grid_cell_entry_storage	9c46b934084924fa90031bce0d2e138e98a81d208fce55237894c155fe8ad48e
src/cmd_show_environment.rs	struct	C2RustUnnamed_13	grid_cell_entry_data	9df55e37fdd4e03509f8211c82dd64427d740df37e1173a691ffd58763338862
src/cmd_show_messages.rs	union	C2RustUnnamed_12	grid_cell_entry_storage	9c46b934084924fa90031bce0d2e138e98a81d208fce55237894c155fe8ad48e
src/cmd_show_messages.rs	struct	C2RustUnnamed_13	grid_cell_entry_data	9df55e37fdd4e03509f8211c82dd64427d740df37e1173a691ffd58763338862
src/cmd_show_options.rs	union	C2RustUnnamed_12	grid_cell_entry_storage	9c46b934084924fa90031bce0d2e138e98a81d208fce55237894c155fe8ad48e
src/cmd_show_options.rs	struct	C2RustUnnamed_13	grid_cell_entry_data	9df55e37fdd4e03509f8211c82dd64427d740df37e1173a691ffd58763338862
src/cmd_source_file.rs	union	C2RustUnnamed_13	grid_cell_entry_storage	ce081f1a63e5e59096c34c348112aa1587ed8c70ea7b9e84a18d2bb88595a824
src/cmd_source_file.rs	struct	C2RustUnnamed_14	grid_cell_entry_data	db2751626b1f0a1d6cd09947681f95fe64d7ed4e22c705b1c2347c4232ac185a
src/cmd_split_window.rs	union	C2RustUnnamed_12	grid_cell_entry_storage	9c46b934084924fa90031bce0d2e138e98a81d208fce55237894c155fe8ad48e
src/cmd_split_window.rs	struct	C2RustUnnamed_13	grid_cell_entry_data	9df55e37fdd4e03509f8211c82dd64427d740df37e1173a691ffd58763338862
src/cmd_swap_pane.rs	union	C2RustUnnamed_12	grid_cell_entry_storage	9c46b934084924fa90031bce0d2e138e98a81d208fce55237894c155fe8ad48e
src/cmd_swap_pane.rs	struct	C2RustUnnamed_13	grid_cell_entry_data	9df55e37fdd4e03509f8211c82dd64427d740df37e1173a691ffd58763338862
src/cmd_swap_window.rs	union	C2RustUnnamed_12	grid_cell_entry_storage	9c46b934084924fa90031bce0d2e138e98a81d208fce55237894c155fe8ad48e
src/cmd_swap_window.rs	struct	C2RustUnnamed_13	grid_cell_entry_data	9df55e37fdd4e03509f8211c82dd64427d740df37e1173a691ffd58763338862
src/cmd_switch_client.rs	union	C2RustUnnamed_12	grid_cell_entry_storage	9c46b934084924fa90031bce0d2e138e98a81d208fce55237894c155fe8ad48e
src/cmd_switch_client.rs	struct	C2RustUnnamed_13	grid_cell_entry_data	9df55e37fdd4e03509f8211c82dd64427d740df37e1173a691ffd58763338862
src/cmd_wait_for.rs	union	C2RustUnnamed_12	grid_cell_entry_storage	9c46b934084924fa90031bce0d2e138e98a81d208fce55237894c155fe8ad48e
src/cmd_wait_for.rs	struct	C2RustUnnamed_13	grid_cell_entry_data	9df55e37fdd4e03509f8211c82dd64427d740df37e1173a691ffd58763338862
src/colour.rs	union	C2RustUnnamed_13	grid_cell_entry_storage	ce081f1a63e5e59096c34c348112aa1587ed8c70ea7b9e84a18d2bb88595a824
src/colour.rs	struct	C2RustUnnamed_14	grid_cell_entry_data	db2751626b1f0a1d6cd09947681f95fe64d7ed4e22c705b1c2347c4232ac185a
src/control.rs	union	C2RustUnnamed_12	grid_cell_entry_storage	9c46b934084924fa90031bce0d2e138e98a81d208fce55237894c155fe8ad48e
src/control.rs	struct	C2RustUnnamed_13	grid_cell_entry_data	9df55e37fdd4e03509f8211c82dd64427d740df37e1173a691ffd58763338862
src/control_notify.rs	union	C2RustUnnamed_12	grid_cell_entry_storage	9c46b934084924fa90031bce0d2e138e98a81d208fce55237894c155fe8ad48e
src/control_notify.rs	struct	C2RustUnnamed_13	grid_cell_entry_data	9df55e37fdd4e03509f8211c82dd64427d740df37e1173a691ffd58763338862
src/environ.rs	union	C2RustUnnamed_12	grid_cell_entry_storage	9c46b934084924fa90031bce0d2e138e98a81d208fce55237894c155fe8ad48e
src/environ.rs	struct	C2RustUnnamed_13	grid_cell_entry_data	9df55e37fdd4e03509f8211c82dd64427d740df37e1173a691ffd58763338862
src/events.rs	union	C2RustUnnamed_12	grid_cell_entry_storage	9c46b934084924fa90031bce0d2e138e98a81d208fce55237894c155fe8ad48e
src/events.rs	struct	C2RustUnnamed_13	grid_cell_entry_data	9df55e37fdd4e03509f8211c82dd64427d740df37e1173a691ffd58763338862
src/events_payload.rs	union	C2RustUnnamed_12	grid_cell_entry_storage	9c46b934084924fa90031bce0d2e138e98a81d208fce55237894c155fe8ad48e
src/events_payload.rs	struct	C2RustUnnamed_13	grid_cell_entry_data	9df55e37fdd4e03509f8211c82dd64427d740df37e1173a691ffd58763338862
src/file.rs	union	C2RustUnnamed_13	grid_cell_entry_storage	ce081f1a63e5e59096c34c348112aa1587ed8c70ea7b9e84a18d2bb88595a824
src/file.rs	struct	C2RustUnnamed_14	grid_cell_entry_data	db2751626b1f0a1d6cd09947681f95fe64d7ed4e22c705b1c2347c4232ac185a
src/format.rs	union	C2RustUnnamed_13	grid_cell_entry_storage	ce081f1a63e5e59096c34c348112aa1587ed8c70ea7b9e84a18d2bb88595a824
src/format.rs	struct	C2RustUnnamed_14	grid_cell_entry_data	db2751626b1f0a1d6cd09947681f95fe64d7ed4e22c705b1c2347c4232ac185a
src/format_draw.rs	union	C2RustUnnamed_12	grid_cell_entry_storage	9c46b934084924fa90031bce0d2e138e98a81d208fce55237894c155fe8ad48e
src/format_draw.rs	struct	C2RustUnnamed_13	grid_cell_entry_data	9df55e37fdd4e03509f8211c82dd64427d740df37e1173a691ffd58763338862
src/grid.rs	union	C2RustUnnamed	grid_cell_entry_storage	f284772ff5ecc02e6f44cfd6e2a9b03654dbdec5083f56aa89614fc939a35b20
src/grid.rs	struct	C2RustUnnamed_0	grid_cell_entry_data	2ef6bdbc743f32b28a90a9a359a688c7180919505e116356a81ba5b1334c3cfa
src/grid_reader.rs	union	C2RustUnnamed	grid_cell_entry_storage	f284772ff5ecc02e6f44cfd6e2a9b03654dbdec5083f56aa89614fc939a35b20
src/grid_reader.rs	struct	C2RustUnnamed_0	grid_cell_entry_data	2ef6bdbc743f32b28a90a9a359a688c7180919505e116356a81ba5b1334c3cfa
src/grid_view.rs	union	C2RustUnnamed	grid_cell_entry_storage	f284772ff5ecc02e6f44cfd6e2a9b03654dbdec5083f56aa89614fc939a35b20
src/grid_view.rs	struct	C2RustUnnamed_0	grid_cell_entry_data	2ef6bdbc743f32b28a90a9a359a688c7180919505e116356a81ba5b1334c3cfa
src/hooks.rs	union	C2RustUnnamed_12	grid_cell_entry_storage	9c46b934084924fa90031bce0d2e138e98a81d208fce55237894c155fe8ad48e
src/hooks.rs	struct	C2RustUnnamed_13	grid_cell_entry_data	9df55e37fdd4e03509f8211c82dd64427d740df37e1173a691ffd58763338862
src/input.rs	union	C2RustUnnamed_12	grid_cell_entry_storage	9c46b934084924fa90031bce0d2e138e98a81d208fce55237894c155fe8ad48e
src/input.rs	struct	C2RustUnnamed_13	grid_cell_entry_data	9df55e37fdd4e03509f8211c82dd64427d740df37e1173a691ffd58763338862
src/input_keys.rs	union	C2RustUnnamed_12	grid_cell_entry_storage	9c46b934084924fa90031bce0d2e138e98a81d208fce55237894c155fe8ad48e
src/input_keys.rs	struct	C2RustUnnamed_13	grid_cell_entry_data	9df55e37fdd4e03509f8211c82dd64427d740df37e1173a691ffd58763338862
src/job.rs	union	C2RustUnnamed_13	grid_cell_entry_storage	ce081f1a63e5e59096c34c348112aa1587ed8c70ea7b9e84a18d2bb88595a824
src/job.rs	struct	C2RustUnnamed_14	grid_cell_entry_data	db2751626b1f0a1d6cd09947681f95fe64d7ed4e22c705b1c2347c4232ac185a
src/key_bindings.rs	union	C2RustUnnamed_12	grid_cell_entry_storage	9c46b934084924fa90031bce0d2e138e98a81d208fce55237894c155fe8ad48e
src/key_bindings.rs	struct	C2RustUnnamed_13	grid_cell_entry_data	9df55e37fdd4e03509f8211c82dd64427d740df37e1173a691ffd58763338862
src/layout.rs	union	C2RustUnnamed_12	grid_cell_entry_storage	9c46b934084924fa90031bce0d2e138e98a81d208fce55237894c155fe8ad48e
src/layout.rs	struct	C2RustUnnamed_13	grid_cell_entry_data	9df55e37fdd4e03509f8211c82dd64427d740df37e1173a691ffd58763338862
src/layout_custom.rs	union	C2RustUnnamed_13	grid_cell_entry_storage	ce081f1a63e5e59096c34c348112aa1587ed8c70ea7b9e84a18d2bb88595a824
src/layout_custom.rs	struct	C2RustUnnamed_14	grid_cell_entry_data	db2751626b1f0a1d6cd09947681f95fe64d7ed4e22c705b1c2347c4232ac185a
src/layout_set.rs	union	C2RustUnnamed_12	grid_cell_entry_storage	9c46b934084924fa90031bce0d2e138e98a81d208fce55237894c155fe8ad48e
src/layout_set.rs	struct	C2RustUnnamed_13	grid_cell_entry_data	9df55e37fdd4e03509f8211c82dd64427d740df37e1173a691ffd58763338862
src/menu.rs	union	C2RustUnnamed_12	grid_cell_entry_storage	9c46b934084924fa90031bce0d2e138e98a81d208fce55237894c155fe8ad48e
src/menu.rs	struct	C2RustUnnamed_13	grid_cell_entry_data	9df55e37fdd4e03509f8211c82dd64427d740df37e1173a691ffd58763338862
src/mode_tree.rs	union	C2RustUnnamed_12	grid_cell_entry_storage	9c46b934084924fa90031bce0d2e138e98a81d208fce55237894c155fe8ad48e
src/mode_tree.rs	struct	C2RustUnnamed_13	grid_cell_entry_data	9df55e37fdd4e03509f8211c82dd64427d740df37e1173a691ffd58763338862
src/monitor.rs	union	C2RustUnnamed_12	grid_cell_entry_storage	9c46b934084924fa90031bce0d2e138e98a81d208fce55237894c155fe8ad48e
src/monitor.rs	struct	C2RustUnnamed_13	grid_cell_entry_data	9df55e37fdd4e03509f8211c82dd64427d740df37e1173a691ffd58763338862
src/names.rs	union	C2RustUnnamed_13	grid_cell_entry_storage	ce081f1a63e5e59096c34c348112aa1587ed8c70ea7b9e84a18d2bb88595a824
src/names.rs	struct	C2RustUnnamed_14	grid_cell_entry_data	db2751626b1f0a1d6cd09947681f95fe64d7ed4e22c705b1c2347c4232ac185a
src/options.rs	union	C2RustUnnamed_13	grid_cell_entry_storage	ce081f1a63e5e59096c34c348112aa1587ed8c70ea7b9e84a18d2bb88595a824
src/options.rs	struct	C2RustUnnamed_14	grid_cell_entry_data	db2751626b1f0a1d6cd09947681f95fe64d7ed4e22c705b1c2347c4232ac185a
src/popup.rs	union	C2RustUnnamed_12	grid_cell_entry_storage	9c46b934084924fa90031bce0d2e138e98a81d208fce55237894c155fe8ad48e
src/popup.rs	struct	C2RustUnnamed_13	grid_cell_entry_data	9df55e37fdd4e03509f8211c82dd64427d740df37e1173a691ffd58763338862
src/prompt.rs	union	C2RustUnnamed_12	grid_cell_entry_storage	9c46b934084924fa90031bce0d2e138e98a81d208fce55237894c155fe8ad48e
src/prompt.rs	struct	C2RustUnnamed_13	grid_cell_entry_data	9df55e37fdd4e03509f8211c82dd64427d740df37e1173a691ffd58763338862
src/resize.rs	union	C2RustUnnamed_12	grid_cell_entry_storage	9c46b934084924fa90031bce0d2e138e98a81d208fce55237894c155fe8ad48e
src/resize.rs	struct	C2RustUnnamed_13	grid_cell_entry_data	9df55e37fdd4e03509f8211c82dd64427d740df37e1173a691ffd58763338862
src/screen.rs	union	C2RustUnnamed_12	grid_cell_entry_storage	9c46b934084924fa90031bce0d2e138e98a81d208fce55237894c155fe8ad48e
src/screen.rs	struct	C2RustUnnamed_13	grid_cell_entry_data	9df55e37fdd4e03509f8211c82dd64427d740df37e1173a691ffd58763338862
src/screen_redraw.rs	union	C2RustUnnamed_12	grid_cell_entry_storage	9c46b934084924fa90031bce0d2e138e98a81d208fce55237894c155fe8ad48e
src/screen_redraw.rs	struct	C2RustUnnamed_13	grid_cell_entry_data	9df55e37fdd4e03509f8211c82dd64427d740df37e1173a691ffd58763338862
src/screen_write.rs	union	C2RustUnnamed_15	grid_cell_entry_storage	adbcfe289608fc334090dafdffa3ee41d85f88587f62a94e522a2eb8bb46cb17
src/screen_write.rs	struct	C2RustUnnamed_16	grid_cell_entry_data	84b4319383ac1a12b337d65d5b0983657a52991c7c863515e12a942c47fa915c
src/server.rs	union	C2RustUnnamed_13	grid_cell_entry_storage	ce081f1a63e5e59096c34c348112aa1587ed8c70ea7b9e84a18d2bb88595a824
src/server.rs	struct	C2RustUnnamed_14	grid_cell_entry_data	db2751626b1f0a1d6cd09947681f95fe64d7ed4e22c705b1c2347c4232ac185a
src/server_acl.rs	union	C2RustUnnamed_12	grid_cell_entry_storage	9c46b934084924fa90031bce0d2e138e98a81d208fce55237894c155fe8ad48e
src/server_acl.rs	struct	C2RustUnnamed_13	grid_cell_entry_data	9df55e37fdd4e03509f8211c82dd64427d740df37e1173a691ffd58763338862
src/server_client.rs	union	C2RustUnnamed_13	grid_cell_entry_storage	ce081f1a63e5e59096c34c348112aa1587ed8c70ea7b9e84a18d2bb88595a824
src/server_client.rs	struct	C2RustUnnamed_14	grid_cell_entry_data	db2751626b1f0a1d6cd09947681f95fe64d7ed4e22c705b1c2347c4232ac185a
src/server_fn.rs	union	C2RustUnnamed_12	grid_cell_entry_storage	9c46b934084924fa90031bce0d2e138e98a81d208fce55237894c155fe8ad48e
src/server_fn.rs	struct	C2RustUnnamed_13	grid_cell_entry_data	9df55e37fdd4e03509f8211c82dd64427d740df37e1173a691ffd58763338862
src/session.rs	union	C2RustUnnamed_12	grid_cell_entry_storage	9c46b934084924fa90031bce0d2e138e98a81d208fce55237894c155fe8ad48e
src/session.rs	struct	C2RustUnnamed_13	grid_cell_entry_data	9df55e37fdd4e03509f8211c82dd64427d740df37e1173a691ffd58763338862
src/sort.rs	union	C2RustUnnamed_12	grid_cell_entry_storage	9c46b934084924fa90031bce0d2e138e98a81d208fce55237894c155fe8ad48e
src/sort.rs	struct	C2RustUnnamed_13	grid_cell_entry_data	9df55e37fdd4e03509f8211c82dd64427d740df37e1173a691ffd58763338862
src/spawn.rs	union	C2RustUnnamed_12	grid_cell_entry_storage	9c46b934084924fa90031bce0d2e138e98a81d208fce55237894c155fe8ad48e
src/spawn.rs	struct	C2RustUnnamed_13	grid_cell_entry_data	9df55e37fdd4e03509f8211c82dd64427d740df37e1173a691ffd58763338862
src/status.rs	union	C2RustUnnamed_12	grid_cell_entry_storage	9c46b934084924fa90031bce0d2e138e98a81d208fce55237894c155fe8ad48e
src/status.rs	struct	C2RustUnnamed_13	grid_cell_entry_data	9df55e37fdd4e03509f8211c82dd64427d740df37e1173a691ffd58763338862
src/style.rs	union	C2RustUnnamed_12	grid_cell_entry_storage	9c46b934084924fa90031bce0d2e138e98a81d208fce55237894c155fe8ad48e
src/style.rs	struct	C2RustUnnamed_13	grid_cell_entry_data	9df55e37fdd4e03509f8211c82dd64427d740df37e1173a691ffd58763338862
src/tty.rs	union	C2RustUnnamed	grid_cell_entry_storage	f284772ff5ecc02e6f44cfd6e2a9b03654dbdec5083f56aa89614fc939a35b20
src/tty.rs	struct	C2RustUnnamed_0	grid_cell_entry_data	2ef6bdbc743f32b28a90a9a359a688c7180919505e116356a81ba5b1334c3cfa
src/tty_acs.rs	union	C2RustUnnamed_12	grid_cell_entry_storage	9c46b934084924fa90031bce0d2e138e98a81d208fce55237894c155fe8ad48e
src/tty_acs.rs	struct	C2RustUnnamed_13	grid_cell_entry_data	9df55e37fdd4e03509f8211c82dd64427d740df37e1173a691ffd58763338862
src/tty_draw.rs	union	C2RustUnnamed_12	grid_cell_entry_storage	9c46b934084924fa90031bce0d2e138e98a81d208fce55237894c155fe8ad48e
src/tty_draw.rs	struct	C2RustUnnamed_13	grid_cell_entry_data	9df55e37fdd4e03509f8211c82dd64427d740df37e1173a691ffd58763338862
src/tty_features.rs	union	C2RustUnnamed	grid_cell_entry_storage	f284772ff5ecc02e6f44cfd6e2a9b03654dbdec5083f56aa89614fc939a35b20
src/tty_features.rs	struct	C2RustUnnamed_0	grid_cell_entry_data	2ef6bdbc743f32b28a90a9a359a688c7180919505e116356a81ba5b1334c3cfa
src/tty_keys.rs	union	C2RustUnnamed_13	grid_cell_entry_storage	ce081f1a63e5e59096c34c348112aa1587ed8c70ea7b9e84a18d2bb88595a824
src/tty_keys.rs	struct	C2RustUnnamed_14	grid_cell_entry_data	db2751626b1f0a1d6cd09947681f95fe64d7ed4e22c705b1c2347c4232ac185a
src/tty_term.rs	union	C2RustUnnamed	grid_cell_entry_storage	f284772ff5ecc02e6f44cfd6e2a9b03654dbdec5083f56aa89614fc939a35b20
src/tty_term.rs	struct	C2RustUnnamed_0	grid_cell_entry_data	2ef6bdbc743f32b28a90a9a359a688c7180919505e116356a81ba5b1334c3cfa
src/window.rs	union	C2RustUnnamed_13	grid_cell_entry_storage	ce081f1a63e5e59096c34c348112aa1587ed8c70ea7b9e84a18d2bb88595a824
src/window.rs	struct	C2RustUnnamed_14	grid_cell_entry_data	db2751626b1f0a1d6cd09947681f95fe64d7ed4e22c705b1c2347c4232ac185a
src/window_border.rs	union	C2RustUnnamed_12	grid_cell_entry_storage	9c46b934084924fa90031bce0d2e138e98a81d208fce55237894c155fe8ad48e
src/window_border.rs	struct	C2RustUnnamed_13	grid_cell_entry_data	9df55e37fdd4e03509f8211c82dd64427d740df37e1173a691ffd58763338862
src/window_buffer.rs	union	C2RustUnnamed_12	grid_cell_entry_storage	9c46b934084924fa90031bce0d2e138e98a81d208fce55237894c155fe8ad48e
src/window_buffer.rs	struct	C2RustUnnamed_13	grid_cell_entry_data	9df55e37fdd4e03509f8211c82dd64427d740df37e1173a691ffd58763338862
src/window_client.rs	union	C2RustUnnamed_12	grid_cell_entry_storage	9c46b934084924fa90031bce0d2e138e98a81d208fce55237894c155fe8ad48e
src/window_client.rs	struct	C2RustUnnamed_13	grid_cell_entry_data	9df55e37fdd4e03509f8211c82dd64427d740df37e1173a691ffd58763338862
src/window_clock.rs	union	C2RustUnnamed_12	grid_cell_entry_storage	9c46b934084924fa90031bce0d2e138e98a81d208fce55237894c155fe8ad48e
src/window_clock.rs	struct	C2RustUnnamed_13	grid_cell_entry_data	9df55e37fdd4e03509f8211c82dd64427d740df37e1173a691ffd58763338862
src/window_copy.rs	union	C2RustUnnamed_12	grid_cell_entry_storage	9c46b934084924fa90031bce0d2e138e98a81d208fce55237894c155fe8ad48e
src/window_copy.rs	struct	C2RustUnnamed_13	grid_cell_entry_data	9df55e37fdd4e03509f8211c82dd64427d740df37e1173a691ffd58763338862
src/window_customize.rs	union	C2RustUnnamed_12	grid_cell_entry_storage	9c46b934084924fa90031bce0d2e138e98a81d208fce55237894c155fe8ad48e
src/window_customize.rs	struct	C2RustUnnamed_13	grid_cell_entry_data	9df55e37fdd4e03509f8211c82dd64427d740df37e1173a691ffd58763338862
src/window_panes.rs	union	C2RustUnnamed_12	grid_cell_entry_storage	9c46b934084924fa90031bce0d2e138e98a81d208fce55237894c155fe8ad48e
src/window_panes.rs	struct	C2RustUnnamed_13	grid_cell_entry_data	9df55e37fdd4e03509f8211c82dd64427d740df37e1173a691ffd58763338862
src/window_switch.rs	union	C2RustUnnamed_12	grid_cell_entry_storage	9c46b934084924fa90031bce0d2e138e98a81d208fce55237894c155fe8ad48e
src/window_switch.rs	struct	C2RustUnnamed_13	grid_cell_entry_data	9df55e37fdd4e03509f8211c82dd64427d740df37e1173a691ffd58763338862
src/window_tree.rs	union	C2RustUnnamed_12	grid_cell_entry_storage	9c46b934084924fa90031bce0d2e138e98a81d208fce55237894c155fe8ad48e
src/window_tree.rs	struct	C2RustUnnamed_13	grid_cell_entry_data	9df55e37fdd4e03509f8211c82dd64427d740df37e1173a691ffd58763338862
src/window_visible.rs	union	C2RustUnnamed_12	grid_cell_entry_storage	9c46b934084924fa90031bce0d2e138e98a81d208fce55237894c155fe8ad48e
src/window_visible.rs	struct	C2RustUnnamed_13	grid_cell_entry_data	9df55e37fdd4e03509f8211c82dd64427d740df37e1173a691ffd58763338862
