file	alias	line	original_type	enumerator_count	enumerator_sha256
src/cmd/entries/bind_key.rs	C2RustUnnamed_35	96	::core::ffi::c_ulong	2053	2295c8335d5d3080ce3183c3c3195375fbabe18a53fa96265ba738d031fe89ab
src/cmd/entries/copy_mode.rs	C2RustUnnamed_35	107	::core::ffi::c_ulong	2053	2295c8335d5d3080ce3183c3c3195375fbabe18a53fa96265ba738d031fe89ab
src/cmd/entries/list_keys.rs	C2RustUnnamed_35	144	::core::ffi::c_ulong	2053	2295c8335d5d3080ce3183c3c3195375fbabe18a53fa96265ba738d031fe89ab
src/cmd/queue.rs	C2RustUnnamed_36	212	::core::ffi::c_ulong	2053	2295c8335d5d3080ce3183c3c3195375fbabe18a53fa96265ba738d031fe89ab
src/cmd/entries/send_keys.rs	C2RustUnnamed_35	143	::core::ffi::c_ulong	2053	2295c8335d5d3080ce3183c3c3195375fbabe18a53fa96265ba738d031fe89ab
src/cmd/entries/unbind_key.rs	C2RustUnnamed_1	27	::core::ffi::c_ulong	2053	2295c8335d5d3080ce3183c3c3195375fbabe18a53fa96265ba738d031fe89ab
src/input_keys.rs	C2RustUnnamed_36	114	::core::ffi::c_ulong	2053	2295c8335d5d3080ce3183c3c3195375fbabe18a53fa96265ba738d031fe89ab
src/key_string.rs	C2RustUnnamed_0	55	::core::ffi::c_ulong	2053	2295c8335d5d3080ce3183c3c3195375fbabe18a53fa96265ba738d031fe89ab
src/menu.rs	C2RustUnnamed_38	190	::core::ffi::c_ulong	2053	2295c8335d5d3080ce3183c3c3195375fbabe18a53fa96265ba738d031fe89ab
src/mode_tree.rs	C2RustUnnamed_39	289	::core::ffi::c_ulong	2053	2295c8335d5d3080ce3183c3c3195375fbabe18a53fa96265ba738d031fe89ab
src/options.rs	C2RustUnnamed_38	210	::core::ffi::c_ulong	2053	2295c8335d5d3080ce3183c3c3195375fbabe18a53fa96265ba738d031fe89ab
src/options_table.rs	C2RustUnnamed	24	::core::ffi::c_ulong	2053	2295c8335d5d3080ce3183c3c3195375fbabe18a53fa96265ba738d031fe89ab
src/popup.rs	C2RustUnnamed_38	235	::core::ffi::c_ulong	2053	2295c8335d5d3080ce3183c3c3195375fbabe18a53fa96265ba738d031fe89ab
src/prompt.rs	C2RustUnnamed_38	221	::core::ffi::c_ulong	2053	2295c8335d5d3080ce3183c3c3195375fbabe18a53fa96265ba738d031fe89ab
src/status.rs	C2RustUnnamed_38	243	::core::ffi::c_ulong	2053	2295c8335d5d3080ce3183c3c3195375fbabe18a53fa96265ba738d031fe89ab
src/tty_keys.rs	C2RustUnnamed_37	206	::core::ffi::c_ulong	2053	2295c8335d5d3080ce3183c3c3195375fbabe18a53fa96265ba738d031fe89ab
src/window.rs	C2RustUnnamed_36	358	::core::ffi::c_ulong	2053	2295c8335d5d3080ce3183c3c3195375fbabe18a53fa96265ba738d031fe89ab
src/window_buffer.rs	C2RustUnnamed_38	243	::core::ffi::c_ulong	2053	2295c8335d5d3080ce3183c3c3195375fbabe18a53fa96265ba738d031fe89ab
src/window_client.rs	C2RustUnnamed_38	243	::core::ffi::c_ulong	2053	2295c8335d5d3080ce3183c3c3195375fbabe18a53fa96265ba738d031fe89ab
src/window_customize.rs	C2RustUnnamed_38	428	::core::ffi::c_ulong	2053	2295c8335d5d3080ce3183c3c3195375fbabe18a53fa96265ba738d031fe89ab
src/window_panes.rs	C2RustUnnamed_38	244	::core::ffi::c_ulong	2053	2295c8335d5d3080ce3183c3c3195375fbabe18a53fa96265ba738d031fe89ab
src/window_switch.rs	C2RustUnnamed_38	223	::core::ffi::c_ulong	2053	2295c8335d5d3080ce3183c3c3195375fbabe18a53fa96265ba738d031fe89ab
src/window_tree.rs	C2RustUnnamed_38	334	::core::ffi::c_ulong	2053	2295c8335d5d3080ce3183c3c3195375fbabe18a53fa96265ba738d031fe89ab
