family	file	original_name	authoritative_name	normalized_declaration_sha256
account	src/cmd_server_access.rs	group	group	809141c28a3c870580efbc52fa3631872072963bb099e7906a5e45c51e3118c3
account	src/server_acl.rs	group	group	809141c28a3c870580efbc52fa3631872072963bb099e7906a5e45c51e3118c3
account	src/cmd_parse.rs	passwd	passwd	b4d7e74e96b37e83c7258f08c4517898f374db6abb3e39da5a8b046441bff18e
account	src/cmd_queue.rs	passwd	passwd	b4d7e74e96b37e83c7258f08c4517898f374db6abb3e39da5a8b046441bff18e
account	src/cmd_server_access.rs	passwd	passwd	b4d7e74e96b37e83c7258f08c4517898f374db6abb3e39da5a8b046441bff18e
account	src/format.rs	passwd	passwd	b4d7e74e96b37e83c7258f08c4517898f374db6abb3e39da5a8b046441bff18e
account	src/server_acl.rs	passwd	passwd	b4d7e74e96b37e83c7258f08c4517898f374db6abb3e39da5a8b046441bff18e
account	src/tmux.rs	passwd	passwd	b4d7e74e96b37e83c7258f08c4517898f374db6abb3e39da5a8b046441bff18e
errno	src/compat/systemd.rs	E2BIG	E2BIG	63d71a90d729fcf296f064278538f3e74020600220b9213587c20288adad4f27
errno	src/file.rs	E2BIG	E2BIG	63d71a90d729fcf296f064278538f3e74020600220b9213587c20288adad4f27
errno	src/client.rs	EAGAIN	EAGAIN	adbbc8f3222b297a3b6b608dd961942bb73911e999a472a303be0f697eaba93f
errno	src/compat/imsg_buffer.rs	EAGAIN	EAGAIN	adbbc8f3222b297a3b6b608dd961942bb73911e999a472a303be0f697eaba93f
errno	src/control.rs	EAGAIN	EAGAIN	adbbc8f3222b297a3b6b608dd961942bb73911e999a472a303be0f697eaba93f
errno	src/server.rs	EAGAIN	EAGAIN	adbbc8f3222b297a3b6b608dd961942bb73911e999a472a303be0f697eaba93f
errno	src/tty.rs	EAGAIN	EAGAIN	adbbc8f3222b297a3b6b608dd961942bb73911e999a472a303be0f697eaba93f
errno	src/compat/imsg.rs	EBADMSG	EBADMSG	dd5d5dc800d0a178da0fc4f503365235fa5fe5d0861d92f0e9d8f359da5da825
errno	src/compat/imsg_buffer.rs	EBADMSG	EBADMSG	dd5d5dc800d0a178da0fc4f503365235fa5fe5d0861d92f0e9d8f359da5da825
errno	src/client.rs	ECHILD	ECHILD	ad7f3dc639ae56a48909ff44e7ce8eca4a797d510b880c5b17cac9de11fc289a
errno	src/server.rs	ECHILD	ECHILD	ad7f3dc639ae56a48909ff44e7ce8eca4a797d510b880c5b17cac9de11fc289a
errno	src/client.rs	EINTR	EINTR	e62d3a54a3e2796e726db06dfb840c33da8f99b26d9ec8319a4eaf9916f2d6c6
errno	src/compat/imsg_buffer.rs	EINTR	EINTR	e62d3a54a3e2796e726db06dfb840c33da8f99b26d9ec8319a4eaf9916f2d6c6
errno	src/control.rs	EINTR	EINTR	e62d3a54a3e2796e726db06dfb840c33da8f99b26d9ec8319a4eaf9916f2d6c6
errno	src/server.rs	EINTR	EINTR	e62d3a54a3e2796e726db06dfb840c33da8f99b26d9ec8319a4eaf9916f2d6c6
errno	src/server_client.rs	EINTR	EINTR	e62d3a54a3e2796e726db06dfb840c33da8f99b26d9ec8319a4eaf9916f2d6c6
errno	src/cmd_source_file.rs	EINVAL	EINVAL	d9d2062cbad4ce1278939701ab3237845db37f7926db661788344b5624aa2234
errno	src/compat/imsg.rs	EINVAL	EINVAL	d9d2062cbad4ce1278939701ab3237845db37f7926db661788344b5624aa2234
errno	src/compat/imsg_buffer.rs	EINVAL	EINVAL	d9d2062cbad4ce1278939701ab3237845db37f7926db661788344b5624aa2234
errno	src/compat/recallocarray.rs	EINVAL	EINVAL	d9d2062cbad4ce1278939701ab3237845db37f7926db661788344b5624aa2234
errno	src/compat/strtonum.rs	EINVAL	EINVAL	d9d2062cbad4ce1278939701ab3237845db37f7926db661788344b5624aa2234
errno	src/file.rs	EINVAL	EINVAL	d9d2062cbad4ce1278939701ab3237845db37f7926db661788344b5624aa2234
errno	src/client.rs	ENAMETOOLONG	ENAMETOOLONG	089e5d76838b6b70f0b731b6c6115fc5b2428d1c7d322675ab1868a35144d473
errno	src/server.rs	ENAMETOOLONG	ENAMETOOLONG	089e5d76838b6b70f0b731b6c6115fc5b2428d1c7d322675ab1868a35144d473
errno	src/cfg.rs	ENOENT	ENOENT	2c8102e21009d582bb73710f9a4d77dff3f8bebc43b07b4accecdcbdc0b290de
errno	src/client.rs	ENOENT	ENOENT	2c8102e21009d582bb73710f9a4d77dff3f8bebc43b07b4accecdcbdc0b290de
errno	src/cmd_source_file.rs	ENOENT	ENOENT	2c8102e21009d582bb73710f9a4d77dff3f8bebc43b07b4accecdcbdc0b290de
errno	src/cmd_source_file.rs	ENOMEM	ENOMEM	c629f6c14ee87b6fb97823f2fb2a750f1832bb688c241e789432690781478490
errno	src/compat/recallocarray.rs	ENOMEM	ENOMEM	c629f6c14ee87b6fb97823f2fb2a750f1832bb688c241e789432690781478490
errno	src/file.rs	ENOMEM	ENOMEM	c629f6c14ee87b6fb97823f2fb2a750f1832bb688c241e789432690781478490
errno	src/compat/imsg.rs	ERANGE	ERANGE	461bab7d7f55f676d9b19b30b5da73f898eccf509f17513bdcf468c342068f63
errno	src/compat/imsg_buffer.rs	ERANGE	ERANGE	461bab7d7f55f676d9b19b30b5da73f898eccf509f17513bdcf468c342068f63
errno	src/compat/strtonum.rs	ERANGE	ERANGE	461bab7d7f55f676d9b19b30b5da73f898eccf509f17513bdcf468c342068f63
errno	src/utf8.rs	ERANGE	ERANGE	461bab7d7f55f676d9b19b30b5da73f898eccf509f17513bdcf468c342068f63
limits	src/cmd_find.rs	INT_MAX	INT_MAX	371ad057dd214570347a35e4d710c5963e99fd3c682398c58bfb03272267a1de
limits	src/cmd_join_pane.rs	INT_MAX	INT_MAX	371ad057dd214570347a35e4d710c5963e99fd3c682398c58bfb03272267a1de
limits	src/cmd_refresh_client.rs	INT_MAX	INT_MAX	371ad057dd214570347a35e4d710c5963e99fd3c682398c58bfb03272267a1de
limits	src/cmd_resize_pane.rs	INT_MAX	INT_MAX	371ad057dd214570347a35e4d710c5963e99fd3c682398c58bfb03272267a1de
limits	src/cmd_resize_window.rs	INT_MAX	INT_MAX	371ad057dd214570347a35e4d710c5963e99fd3c682398c58bfb03272267a1de
limits	src/compat/fdforkpty.rs	INT_MAX	INT_MAX	371ad057dd214570347a35e4d710c5963e99fd3c682398c58bfb03272267a1de
limits	src/input.rs	INT_MAX	INT_MAX	371ad057dd214570347a35e4d710c5963e99fd3c682398c58bfb03272267a1de
limits	src/layout.rs	INT_MAX	INT_MAX	371ad057dd214570347a35e4d710c5963e99fd3c682398c58bfb03272267a1de
limits	src/layout_custom.rs	INT_MAX	INT_MAX	371ad057dd214570347a35e4d710c5963e99fd3c682398c58bfb03272267a1de
limits	src/options_table.rs	INT_MAX	INT_MAX	371ad057dd214570347a35e4d710c5963e99fd3c682398c58bfb03272267a1de
limits	src/tty_term.rs	INT_MAX	INT_MAX	371ad057dd214570347a35e4d710c5963e99fd3c682398c58bfb03272267a1de
limits	src/window.rs	INT_MAX	INT_MAX	371ad057dd214570347a35e4d710c5963e99fd3c682398c58bfb03272267a1de
limits	src/window_copy.rs	INT_MAX	INT_MAX	371ad057dd214570347a35e4d710c5963e99fd3c682398c58bfb03272267a1de
limits	src/window_customize.rs	INT_MAX	INT_MAX	371ad057dd214570347a35e4d710c5963e99fd3c682398c58bfb03272267a1de
limits	src/xmalloc.rs	INT_MAX	INT_MAX	371ad057dd214570347a35e4d710c5963e99fd3c682398c58bfb03272267a1de
limits	src/cmd_capture_pane.rs	INT_MIN	INT_MIN	409671cdf87f50d1f079658e646060df5337ab1917cb8a33709f909987cb89ae
limits	src/cmd_join_pane.rs	INT_MIN	INT_MIN	409671cdf87f50d1f079658e646060df5337ab1917cb8a33709f909987cb89ae
limits	src/cmd_resize_pane.rs	INT_MIN	INT_MIN	409671cdf87f50d1f079658e646060df5337ab1917cb8a33709f909987cb89ae
limits	src/cmd_capture_pane.rs	SHRT_MAX	SHRT_MAX	0ad6e57439c958c98124704fae90c11ac30675bccbd09ccbe1498ec688158918
limits	src/options_table.rs	SHRT_MAX	SHRT_MAX	0ad6e57439c958c98124704fae90c11ac30675bccbd09ccbe1498ec688158918
limits	src/cmd.rs	SIZE_MAX	SIZE_MAX	7d85e13e45aa7a728d96dc53ad4bdc836219a462cab0af916d21ca5da23aa587
limits	src/cmd_parse.rs	SIZE_MAX	SIZE_MAX	7d85e13e45aa7a728d96dc53ad4bdc836219a462cab0af916d21ca5da23aa587
limits	src/compat/imsg_buffer.rs	SIZE_MAX	SIZE_MAX	7d85e13e45aa7a728d96dc53ad4bdc836219a462cab0af916d21ca5da23aa587
limits	src/compat/recallocarray.rs	SIZE_MAX	SIZE_MAX	7d85e13e45aa7a728d96dc53ad4bdc836219a462cab0af916d21ca5da23aa587
limits	src/control.rs	SIZE_MAX	SIZE_MAX	7d85e13e45aa7a728d96dc53ad4bdc836219a462cab0af916d21ca5da23aa587
limits	src/screen_redraw.rs	SIZE_MAX	SIZE_MAX	7d85e13e45aa7a728d96dc53ad4bdc836219a462cab0af916d21ca5da23aa587
limits	src/server_client.rs	SIZE_MAX	SIZE_MAX	7d85e13e45aa7a728d96dc53ad4bdc836219a462cab0af916d21ca5da23aa587
limits	src/spawn.rs	SIZE_MAX	SIZE_MAX	7d85e13e45aa7a728d96dc53ad4bdc836219a462cab0af916d21ca5da23aa587
limits	src/xmalloc.rs	SIZE_MAX	SIZE_MAX	7d85e13e45aa7a728d96dc53ad4bdc836219a462cab0af916d21ca5da23aa587
limits	src/compat/vis.rs	UCHAR_MAX	UCHAR_MAX	16b20659634bbad20bb39e6a4ab05648056c3fe07593cceb0de904c04e863c9c
limits	src/window_copy.rs	UCHAR_MAX	UCHAR_MAX	16b20659634bbad20bb39e6a4ab05648056c3fe07593cceb0de904c04e863c9c
limits	src/compat/imsg.rs	UINT32_MAX	UINT32_MAX	e530f38308cfd4eefb1b1d823c2898978885d0f3915ebdf9f6c222d913a7a591
limits	src/compat/imsg_buffer.rs	UINT32_MAX	UINT32_MAX	e530f38308cfd4eefb1b1d823c2898978885d0f3915ebdf9f6c222d913a7a591
limits	src/cmd_display_menu.rs	UINT_MAX	UINT_MAX	1fb730db6dfcc0c3a1fbaf823a63284185775795044e226840fcb4212b095a6e
limits	src/cmd_display_message.rs	UINT_MAX	UINT_MAX	1fb730db6dfcc0c3a1fbaf823a63284185775795044e226840fcb4212b095a6e
limits	src/cmd_join_pane.rs	UINT_MAX	UINT_MAX	1fb730db6dfcc0c3a1fbaf823a63284185775795044e226840fcb4212b095a6e
limits	src/cmd_parse.rs	UINT_MAX	UINT_MAX	1fb730db6dfcc0c3a1fbaf823a63284185775795044e226840fcb4212b095a6e
limits	src/cmd_send_keys.rs	UINT_MAX	UINT_MAX	1fb730db6dfcc0c3a1fbaf823a63284185775795044e226840fcb4212b095a6e
limits	src/grid.rs	UINT_MAX	UINT_MAX	1fb730db6dfcc0c3a1fbaf823a63284185775795044e226840fcb4212b095a6e
limits	src/layout.rs	UINT_MAX	UINT_MAX	1fb730db6dfcc0c3a1fbaf823a63284185775795044e226840fcb4212b095a6e
limits	src/menu.rs	UINT_MAX	UINT_MAX	1fb730db6dfcc0c3a1fbaf823a63284185775795044e226840fcb4212b095a6e
limits	src/options.rs	UINT_MAX	UINT_MAX	1fb730db6dfcc0c3a1fbaf823a63284185775795044e226840fcb4212b095a6e
limits	src/options_table.rs	UINT_MAX	UINT_MAX	1fb730db6dfcc0c3a1fbaf823a63284185775795044e226840fcb4212b095a6e
limits	src/resize.rs	UINT_MAX	UINT_MAX	1fb730db6dfcc0c3a1fbaf823a63284185775795044e226840fcb4212b095a6e
limits	src/screen.rs	UINT_MAX	UINT_MAX	1fb730db6dfcc0c3a1fbaf823a63284185775795044e226840fcb4212b095a6e
limits	src/screen_write.rs	UINT_MAX	UINT_MAX	1fb730db6dfcc0c3a1fbaf823a63284185775795044e226840fcb4212b095a6e
limits	src/server_client.rs	UINT_MAX	UINT_MAX	1fb730db6dfcc0c3a1fbaf823a63284185775795044e226840fcb4212b095a6e
limits	src/session.rs	UINT_MAX	UINT_MAX	1fb730db6dfcc0c3a1fbaf823a63284185775795044e226840fcb4212b095a6e
limits	src/style.rs	UINT_MAX	UINT_MAX	1fb730db6dfcc0c3a1fbaf823a63284185775795044e226840fcb4212b095a6e
limits	src/tty.rs	UINT_MAX	UINT_MAX	1fb730db6dfcc0c3a1fbaf823a63284185775795044e226840fcb4212b095a6e
limits	src/window.rs	UINT_MAX	UINT_MAX	1fb730db6dfcc0c3a1fbaf823a63284185775795044e226840fcb4212b095a6e
limits	src/window_copy.rs	UINT_MAX	UINT_MAX	1fb730db6dfcc0c3a1fbaf823a63284185775795044e226840fcb4212b095a6e
limits	src/window_panes.rs	UINT_MAX	UINT_MAX	1fb730db6dfcc0c3a1fbaf823a63284185775795044e226840fcb4212b095a6e
limits	src/cmd_new_session.rs	USHRT_MAX	USHRT_MAX	cf1733473a0202bc9b71558dee148a41b0bfe149ac4aab6d101c3d21e4456b93
limits	src/options_table.rs	USHRT_MAX	USHRT_MAX	cf1733473a0202bc9b71558dee148a41b0bfe149ac4aab6d101c3d21e4456b93
limits	src/cmd_capture_pane.rs	__INT_MAX__	__INT_MAX__	6dc81835c4747cf35629f996dbef8277759e77a85bc95d954875f7a56270a737
limits	src/cmd_display_menu.rs	__INT_MAX__	__INT_MAX__	6dc81835c4747cf35629f996dbef8277759e77a85bc95d954875f7a56270a737
limits	src/cmd_display_message.rs	__INT_MAX__	__INT_MAX__	6dc81835c4747cf35629f996dbef8277759e77a85bc95d954875f7a56270a737
limits	src/cmd_find.rs	__INT_MAX__	__INT_MAX__	6dc81835c4747cf35629f996dbef8277759e77a85bc95d954875f7a56270a737
limits	src/cmd_join_pane.rs	__INT_MAX__	__INT_MAX__	6dc81835c4747cf35629f996dbef8277759e77a85bc95d954875f7a56270a737
limits	src/cmd_parse.rs	__INT_MAX__	__INT_MAX__	6dc81835c4747cf35629f996dbef8277759e77a85bc95d954875f7a56270a737
limits	src/cmd_refresh_client.rs	__INT_MAX__	__INT_MAX__	6dc81835c4747cf35629f996dbef8277759e77a85bc95d954875f7a56270a737
limits	src/cmd_resize_pane.rs	__INT_MAX__	__INT_MAX__	6dc81835c4747cf35629f996dbef8277759e77a85bc95d954875f7a56270a737
limits	src/cmd_resize_window.rs	__INT_MAX__	__INT_MAX__	6dc81835c4747cf35629f996dbef8277759e77a85bc95d954875f7a56270a737
limits	src/cmd_send_keys.rs	__INT_MAX__	__INT_MAX__	6dc81835c4747cf35629f996dbef8277759e77a85bc95d954875f7a56270a737
limits	src/compat/fdforkpty.rs	__INT_MAX__	__INT_MAX__	6dc81835c4747cf35629f996dbef8277759e77a85bc95d954875f7a56270a737
limits	src/grid.rs	__INT_MAX__	__INT_MAX__	6dc81835c4747cf35629f996dbef8277759e77a85bc95d954875f7a56270a737
limits	src/input.rs	__INT_MAX__	__INT_MAX__	6dc81835c4747cf35629f996dbef8277759e77a85bc95d954875f7a56270a737
limits	src/layout.rs	__INT_MAX__	__INT_MAX__	6dc81835c4747cf35629f996dbef8277759e77a85bc95d954875f7a56270a737
limits	src/layout_custom.rs	__INT_MAX__	__INT_MAX__	6dc81835c4747cf35629f996dbef8277759e77a85bc95d954875f7a56270a737
limits	src/menu.rs	__INT_MAX__	__INT_MAX__	6dc81835c4747cf35629f996dbef8277759e77a85bc95d954875f7a56270a737
limits	src/options.rs	__INT_MAX__	__INT_MAX__	6dc81835c4747cf35629f996dbef8277759e77a85bc95d954875f7a56270a737
limits	src/options_table.rs	__INT_MAX__	__INT_MAX__	6dc81835c4747cf35629f996dbef8277759e77a85bc95d954875f7a56270a737
limits	src/resize.rs	__INT_MAX__	__INT_MAX__	6dc81835c4747cf35629f996dbef8277759e77a85bc95d954875f7a56270a737
limits	src/screen.rs	__INT_MAX__	__INT_MAX__	6dc81835c4747cf35629f996dbef8277759e77a85bc95d954875f7a56270a737
limits	src/screen_write.rs	__INT_MAX__	__INT_MAX__	6dc81835c4747cf35629f996dbef8277759e77a85bc95d954875f7a56270a737
limits	src/server_client.rs	__INT_MAX__	__INT_MAX__	6dc81835c4747cf35629f996dbef8277759e77a85bc95d954875f7a56270a737
limits	src/session.rs	__INT_MAX__	__INT_MAX__	6dc81835c4747cf35629f996dbef8277759e77a85bc95d954875f7a56270a737
limits	src/style.rs	__INT_MAX__	__INT_MAX__	6dc81835c4747cf35629f996dbef8277759e77a85bc95d954875f7a56270a737
limits	src/tty.rs	__INT_MAX__	__INT_MAX__	6dc81835c4747cf35629f996dbef8277759e77a85bc95d954875f7a56270a737
limits	src/tty_term.rs	__INT_MAX__	__INT_MAX__	6dc81835c4747cf35629f996dbef8277759e77a85bc95d954875f7a56270a737
limits	src/window.rs	__INT_MAX__	__INT_MAX__	6dc81835c4747cf35629f996dbef8277759e77a85bc95d954875f7a56270a737
limits	src/window_copy.rs	__INT_MAX__	__INT_MAX__	6dc81835c4747cf35629f996dbef8277759e77a85bc95d954875f7a56270a737
limits	src/window_customize.rs	__INT_MAX__	__INT_MAX__	6dc81835c4747cf35629f996dbef8277759e77a85bc95d954875f7a56270a737
limits	src/window_panes.rs	__INT_MAX__	__INT_MAX__	6dc81835c4747cf35629f996dbef8277759e77a85bc95d954875f7a56270a737
limits	src/xmalloc.rs	__INT_MAX__	__INT_MAX__	6dc81835c4747cf35629f996dbef8277759e77a85bc95d954875f7a56270a737
limits	src/compat/strtonum.rs	__LONG_LONG_MAX__	__LONG_LONG_MAX__	f7c0bba3f0c9b9c1693e9fc7a68307d74ad654d52be49bbcd3b531c2b0d68ff7
limits	src/utf8.rs	__LONG_LONG_MAX__	__LONG_LONG_MAX__	f7c0bba3f0c9b9c1693e9fc7a68307d74ad654d52be49bbcd3b531c2b0d68ff7
limits	src/compat/vis.rs	__SCHAR_MAX__	__SCHAR_MAX__	f765623da2149ed33e77d987f922587fb20d7b11cf2d7fb1a21ea428078a86e1
limits	src/window_copy.rs	__SCHAR_MAX__	__SCHAR_MAX__	f765623da2149ed33e77d987f922587fb20d7b11cf2d7fb1a21ea428078a86e1
limits	src/cmd_capture_pane.rs	__SHRT_MAX__	__SHRT_MAX__	7e8ed69a5ef70f1496648f4c4b22db917edbd504fe67f77c1b82f6eb776fd18e
limits	src/cmd_new_session.rs	__SHRT_MAX__	__SHRT_MAX__	7e8ed69a5ef70f1496648f4c4b22db917edbd504fe67f77c1b82f6eb776fd18e
limits	src/options_table.rs	__SHRT_MAX__	__SHRT_MAX__	7e8ed69a5ef70f1496648f4c4b22db917edbd504fe67f77c1b82f6eb776fd18e
posix_terminal	src/client.rs	ICRNL	ICRNL	52250d01fdcda433f06419828365e302b01a09511da2554c5e37d8a28e6b5681
posix_terminal	src/tty.rs	ICRNL	ICRNL	52250d01fdcda433f06419828365e302b01a09511da2554c5e37d8a28e6b5681
posix_terminal	src/client.rs	ONLCR	ONLCR	ce241c5e6fb75add6d81a177509ee755d44fef36f7e1ff2a7a6b633b84a0d02d
posix_terminal	src/tty.rs	ONLCR	ONLCR	ce241c5e6fb75add6d81a177509ee755d44fef36f7e1ff2a7a6b633b84a0d02d
posix_terminal	src/client.rs	OPOST	OPOST	60f7dab98df0cb06a3a10a5048033ecb751834a739ae81c3a6ada8f9cebc8fd8
posix_terminal	src/tty.rs	OPOST	OPOST	60f7dab98df0cb06a3a10a5048033ecb751834a739ae81c3a6ada8f9cebc8fd8
posix_terminal	src/client.rs	TCSANOW	TCSANOW	1a55ddf940261d62ff457a103ad36d8921976099b20fd29c4f3371b231606a19
posix_terminal	src/spawn.rs	TCSANOW	TCSANOW	1a55ddf940261d62ff457a103ad36d8921976099b20fd29c4f3371b231606a19
posix_terminal	src/tty.rs	TCSANOW	TCSANOW	1a55ddf940261d62ff457a103ad36d8921976099b20fd29c4f3371b231606a19
posix_terminal	src/job.rs	TIOCSWINSZ	TIOCSWINSZ	c7e3730f9c7c75b141ff8fa69ca83d088e41a1d82c5952b78ccc411547169b65
posix_terminal	src/window.rs	TIOCSWINSZ	TIOCSWINSZ	c7e3730f9c7c75b141ff8fa69ca83d088e41a1d82c5952b78ccc411547169b65
posix_terminal	src/spawn.rs	VERASE	VERASE	b8f7ebcb08304db0eaddc0108fcf37a0bfffc50814549b715e4034a1eacba1f0
posix_terminal	src/tty_keys.rs	VERASE	VERASE	b8f7ebcb08304db0eaddc0108fcf37a0bfffc50814549b715e4034a1eacba1f0
posix_terminal	src/client.rs	VMIN	VMIN	0b5e32a7f9febacce2a2e0402569a01b197e089d632aee5735c2016ddab2790b
posix_terminal	src/tty.rs	VMIN	VMIN	0b5e32a7f9febacce2a2e0402569a01b197e089d632aee5735c2016ddab2790b
posix_terminal	src/client.rs	VTIME	VTIME	559d89f0f79517673bfd456d6b714850beee8f3f70e01969fb3638f36d017719
posix_terminal	src/tty.rs	VTIME	VTIME	559d89f0f79517673bfd456d6b714850beee8f3f70e01969fb3638f36d017719
posix_terminal	src/compat/fdforkpty.rs	winsize	winsize	074479a5d96bb26c6e65ceef2fe7a3a38d412fd63e67f97f1753028f14ca04c0
posix_terminal	src/job.rs	winsize	winsize	074479a5d96bb26c6e65ceef2fe7a3a38d412fd63e67f97f1753028f14ca04c0
posix_terminal	src/spawn.rs	winsize	winsize	074479a5d96bb26c6e65ceef2fe7a3a38d412fd63e67f97f1753028f14ca04c0
posix_terminal	src/tty.rs	winsize	winsize	074479a5d96bb26c6e65ceef2fe7a3a38d412fd63e67f97f1753028f14ca04c0
posix_terminal	src/window.rs	winsize	winsize	074479a5d96bb26c6e65ceef2fe7a3a38d412fd63e67f97f1753028f14ca04c0
regex	src/format.rs	REG_EXTENDED	REG_EXTENDED	a2c28631d8d39dbcff06776c90efdcf6137453d0cf824dc292a6451ee12a63a3
regex	src/window.rs	REG_EXTENDED	REG_EXTENDED	a2c28631d8d39dbcff06776c90efdcf6137453d0cf824dc292a6451ee12a63a3
regex	src/window_copy.rs	REG_EXTENDED	REG_EXTENDED	a2c28631d8d39dbcff06776c90efdcf6137453d0cf824dc292a6451ee12a63a3
regex	src/format.rs	REG_ICASE	REG_ICASE	c97bd0e3c66610b4f733d424b263181b0d1d02eecf1354d44a8050e2df964a5c
regex	src/window.rs	REG_ICASE	REG_ICASE	c97bd0e3c66610b4f733d424b263181b0d1d02eecf1354d44a8050e2df964a5c
regex	src/window_copy.rs	REG_ICASE	REG_ICASE	c97bd0e3c66610b4f733d424b263181b0d1d02eecf1354d44a8050e2df964a5c
regex	src/format.rs	__re_long_size_t	__re_long_size_t	c42696c89d105344af3638107b724e325aacd37f74498431e0393b21a48fb124
regex	src/regsub.rs	__re_long_size_t	__re_long_size_t	c42696c89d105344af3638107b724e325aacd37f74498431e0393b21a48fb124
regex	src/window.rs	__re_long_size_t	__re_long_size_t	c42696c89d105344af3638107b724e325aacd37f74498431e0393b21a48fb124
regex	src/window_copy.rs	__re_long_size_t	__re_long_size_t	c42696c89d105344af3638107b724e325aacd37f74498431e0393b21a48fb124
regex	src/format.rs	re_dfa_t	re_dfa_t	ee9b9c1400b54003f90f65eda9b6a4af9456198298b72c7d2d0ae80252cfff68
regex	src/regsub.rs	re_dfa_t	re_dfa_t	ee9b9c1400b54003f90f65eda9b6a4af9456198298b72c7d2d0ae80252cfff68
regex	src/window.rs	re_dfa_t	re_dfa_t	ee9b9c1400b54003f90f65eda9b6a4af9456198298b72c7d2d0ae80252cfff68
regex	src/window_copy.rs	re_dfa_t	re_dfa_t	ee9b9c1400b54003f90f65eda9b6a4af9456198298b72c7d2d0ae80252cfff68
regex	src/format.rs	re_pattern_buffer	re_pattern_buffer	8cad2763fd19baf024ef663c6e83a3be22b16ee700cdae0c680d8373df44b018
regex	src/regsub.rs	re_pattern_buffer	re_pattern_buffer	8cad2763fd19baf024ef663c6e83a3be22b16ee700cdae0c680d8373df44b018
regex	src/window.rs	re_pattern_buffer	re_pattern_buffer	8cad2763fd19baf024ef663c6e83a3be22b16ee700cdae0c680d8373df44b018
regex	src/window_copy.rs	re_pattern_buffer	re_pattern_buffer	8cad2763fd19baf024ef663c6e83a3be22b16ee700cdae0c680d8373df44b018
regex	src/format.rs	reg_syntax_t	reg_syntax_t	e1de316feebcef793cf64d34e3403ec083658496609633858bfa7cbbe8def146
regex	src/regsub.rs	reg_syntax_t	reg_syntax_t	e1de316feebcef793cf64d34e3403ec083658496609633858bfa7cbbe8def146
regex	src/window.rs	reg_syntax_t	reg_syntax_t	e1de316feebcef793cf64d34e3403ec083658496609633858bfa7cbbe8def146
regex	src/window_copy.rs	reg_syntax_t	reg_syntax_t	e1de316feebcef793cf64d34e3403ec083658496609633858bfa7cbbe8def146
regex	src/format.rs	regex_t	regex_t	451596de648ded992585875ec79f4d2f04efade130dd51a27a53050eac1e1345
regex	src/regsub.rs	regex_t	regex_t	451596de648ded992585875ec79f4d2f04efade130dd51a27a53050eac1e1345
regex	src/window.rs	regex_t	regex_t	451596de648ded992585875ec79f4d2f04efade130dd51a27a53050eac1e1345
regex	src/window_copy.rs	regex_t	regex_t	451596de648ded992585875ec79f4d2f04efade130dd51a27a53050eac1e1345
regex	src/format.rs	regmatch_t	regmatch_t	b23db1c0fd912029b58c9b7136ff5d18bc9bb05fee6b35d83d014aa8b2f85436
regex	src/regsub.rs	regmatch_t	regmatch_t	b23db1c0fd912029b58c9b7136ff5d18bc9bb05fee6b35d83d014aa8b2f85436
regex	src/window.rs	regmatch_t	regmatch_t	b23db1c0fd912029b58c9b7136ff5d18bc9bb05fee6b35d83d014aa8b2f85436
regex	src/window_copy.rs	regmatch_t	regmatch_t	b23db1c0fd912029b58c9b7136ff5d18bc9bb05fee6b35d83d014aa8b2f85436
regex	src/format.rs	regoff_t	regoff_t	6e01d4573fd0bf14f864e88255994b5928f9512c9db92ee03cc0945bda569354
regex	src/regsub.rs	regoff_t	regoff_t	6e01d4573fd0bf14f864e88255994b5928f9512c9db92ee03cc0945bda569354
regex	src/window.rs	regoff_t	regoff_t	6e01d4573fd0bf14f864e88255994b5928f9512c9db92ee03cc0945bda569354
regex	src/window_copy.rs	regoff_t	regoff_t	6e01d4573fd0bf14f864e88255994b5928f9512c9db92ee03cc0945bda569354
signal	src/client.rs	SA_RESTART	SA_RESTART	05b4cf57dd6ce45311217cc94c160c6145955bf688fd2b49ea208d89ba6aa948
signal	src/proc.rs	SA_RESTART	SA_RESTART	05b4cf57dd6ce45311217cc94c160c6145955bf688fd2b49ea208d89ba6aa948
signal	src/client.rs	SIGCHLD	SIGCHLD	a87db43582651e2a272ed837ab6a91b547b34091ac1e1e27de65bab7f92d9163
signal	src/proc.rs	SIGCHLD	SIGCHLD	a87db43582651e2a272ed837ab6a91b547b34091ac1e1e27de65bab7f92d9163
signal	src/server.rs	SIGCHLD	SIGCHLD	a87db43582651e2a272ed837ab6a91b547b34091ac1e1e27de65bab7f92d9163
signal	src/server_fn.rs	SIGCHLD	SIGCHLD	a87db43582651e2a272ed837ab6a91b547b34091ac1e1e27de65bab7f92d9163
signal	src/spawn.rs	SIGCHLD	SIGCHLD	a87db43582651e2a272ed837ab6a91b547b34091ac1e1e27de65bab7f92d9163
signal	src/window.rs	SIGCHLD	SIGCHLD	a87db43582651e2a272ed837ab6a91b547b34091ac1e1e27de65bab7f92d9163
signal	src/client.rs	SIGCONT	SIGCONT	98c03c7f50dc9b00876f769d4e4b7aa5601e90d2bfa5e3818b0e890b4796bd42
signal	src/job.rs	SIGCONT	SIGCONT	98c03c7f50dc9b00876f769d4e4b7aa5601e90d2bfa5e3818b0e890b4796bd42
signal	src/proc.rs	SIGCONT	SIGCONT	98c03c7f50dc9b00876f769d4e4b7aa5601e90d2bfa5e3818b0e890b4796bd42
signal	src/server.rs	SIGCONT	SIGCONT	98c03c7f50dc9b00876f769d4e4b7aa5601e90d2bfa5e3818b0e890b4796bd42
signal	src/client.rs	SIGHUP	SIGHUP	f0e63840d3a9e01d6ab74c3bc26606668bed22bf8de1c8fee83a2206ed5b19f0
signal	src/popup.rs	SIGHUP	SIGHUP	f0e63840d3a9e01d6ab74c3bc26606668bed22bf8de1c8fee83a2206ed5b19f0
signal	src/proc.rs	SIGHUP	SIGHUP	f0e63840d3a9e01d6ab74c3bc26606668bed22bf8de1c8fee83a2206ed5b19f0
signal	src/spawn.rs	SIGHUP	SIGHUP	f0e63840d3a9e01d6ab74c3bc26606668bed22bf8de1c8fee83a2206ed5b19f0
signal	src/proc.rs	SIGINT	SIGINT	2e571beef2607af17aac9e34bfbe6c3b0c15e83baf44d9ea6c2b6d4f57d4352d
signal	src/server.rs	SIGINT	SIGINT	2e571beef2607af17aac9e34bfbe6c3b0c15e83baf44d9ea6c2b6d4f57d4352d
signal	src/client.rs	SIGTERM	SIGTERM	39bf5dcba0565013b004906184cd047f3fce17ccf69f062742977f6118c32f0c
signal	src/cmd_kill_server.rs	SIGTERM	SIGTERM	39bf5dcba0565013b004906184cd047f3fce17ccf69f062742977f6118c32f0c
signal	src/job.rs	SIGTERM	SIGTERM	39bf5dcba0565013b004906184cd047f3fce17ccf69f062742977f6118c32f0c
signal	src/proc.rs	SIGTERM	SIGTERM	39bf5dcba0565013b004906184cd047f3fce17ccf69f062742977f6118c32f0c
signal	src/server.rs	SIGTERM	SIGTERM	39bf5dcba0565013b004906184cd047f3fce17ccf69f062742977f6118c32f0c
signal	src/client.rs	SIGTSTP	SIGTSTP	137407944e0fd686bf64712572be8837119aaa31916d84883f907328b1167278
signal	src/proc.rs	SIGTSTP	SIGTSTP	137407944e0fd686bf64712572be8837119aaa31916d84883f907328b1167278
signal	src/job.rs	SIGTTIN	SIGTTIN	b591d6ec8889d68c8675ed672041db755fed5e31da0009b0d41382db1037a928
signal	src/proc.rs	SIGTTIN	SIGTTIN	b591d6ec8889d68c8675ed672041db755fed5e31da0009b0d41382db1037a928
signal	src/server.rs	SIGTTIN	SIGTTIN	b591d6ec8889d68c8675ed672041db755fed5e31da0009b0d41382db1037a928
signal	src/job.rs	SIGTTOU	SIGTTOU	f1b08d6ac2b329836e14db5a710eae3a95514260cb46f1c26121be082c649c8d
signal	src/proc.rs	SIGTTOU	SIGTTOU	f1b08d6ac2b329836e14db5a710eae3a95514260cb46f1c26121be082c649c8d
signal	src/server.rs	SIGTTOU	SIGTTOU	f1b08d6ac2b329836e14db5a710eae3a95514260cb46f1c26121be082c649c8d
signal	src/proc.rs	SIGUSR1	SIGUSR1	c2d0467de938191e564964dfe97cf5df3f0707f90268498bc67c55f708be4ae9
signal	src/server.rs	SIGUSR1	SIGUSR1	c2d0467de938191e564964dfe97cf5df3f0707f90268498bc67c55f708be4ae9
signal	src/proc.rs	SIGUSR2	SIGUSR2	0c8d8a27970746479f6a4489855dcddccd9bbb6eff0a4b9bafd1450b942a39c4
signal	src/server.rs	SIGUSR2	SIGUSR2	0c8d8a27970746479f6a4489855dcddccd9bbb6eff0a4b9bafd1450b942a39c4
signal	src/client.rs	SIGWINCH	SIGWINCH	132cb972d2b3e0f7c39b2146c727133d0412eb6ac2f8f708d3480c8c68cb68b6
signal	src/proc.rs	SIGWINCH	SIGWINCH	132cb972d2b3e0f7c39b2146c727133d0412eb6ac2f8f708d3480c8c68cb68b6
signal	src/cmd_pipe_pane.rs	SIG_BLOCK	SIG_BLOCK	f7665386e94b139e46c58e91ddcf90cd8d1fcd7de104e783481a483f566fda6f
signal	src/job.rs	SIG_BLOCK	SIG_BLOCK	f7665386e94b139e46c58e91ddcf90cd8d1fcd7de104e783481a483f566fda6f
signal	src/server.rs	SIG_BLOCK	SIG_BLOCK	f7665386e94b139e46c58e91ddcf90cd8d1fcd7de104e783481a483f566fda6f
signal	src/spawn.rs	SIG_BLOCK	SIG_BLOCK	f7665386e94b139e46c58e91ddcf90cd8d1fcd7de104e783481a483f566fda6f
signal	src/client.rs	SIG_DFL	SIG_DFL	27a94339e1357b015c0abb7efe40307549973b88c4dbbe113feb04d4561e8c3b
signal	src/proc.rs	SIG_DFL	SIG_DFL	27a94339e1357b015c0abb7efe40307549973b88c4dbbe113feb04d4561e8c3b
signal	src/cmd_pipe_pane.rs	SIG_SETMASK	SIG_SETMASK	5ebcbcc8d9559441431bc7298e2cac61ca1318f9f3726bb3355f6310c92fd619
signal	src/job.rs	SIG_SETMASK	SIG_SETMASK	5ebcbcc8d9559441431bc7298e2cac61ca1318f9f3726bb3355f6310c92fd619
signal	src/server.rs	SIG_SETMASK	SIG_SETMASK	5ebcbcc8d9559441431bc7298e2cac61ca1318f9f3726bb3355f6310c92fd619
signal	src/spawn.rs	SIG_SETMASK	SIG_SETMASK	5ebcbcc8d9559441431bc7298e2cac61ca1318f9f3726bb3355f6310c92fd619
signal	src/client.rs	__sighandler_t	__sighandler_t	6297babb8172c2df88525058050199202d07221a622bf5e0fe4d46df77fcf725
signal	src/proc.rs	__sighandler_t	__sighandler_t	6297babb8172c2df88525058050199202d07221a622bf5e0fe4d46df77fcf725
signal	src/client.rs	__sigset_t	__sigset_t	f7cb7d5617fd55ac301c93214d9044ae167b747806b9c4118ea4c3ef00168dcb
signal	src/cmd_pipe_pane.rs	__sigset_t	__sigset_t	f7cb7d5617fd55ac301c93214d9044ae167b747806b9c4118ea4c3ef00168dcb
signal	src/job.rs	__sigset_t	__sigset_t	f7cb7d5617fd55ac301c93214d9044ae167b747806b9c4118ea4c3ef00168dcb
signal	src/proc.rs	__sigset_t	__sigset_t	f7cb7d5617fd55ac301c93214d9044ae167b747806b9c4118ea4c3ef00168dcb
signal	src/server.rs	__sigset_t	__sigset_t	f7cb7d5617fd55ac301c93214d9044ae167b747806b9c4118ea4c3ef00168dcb
signal	src/spawn.rs	__sigset_t	__sigset_t	f7cb7d5617fd55ac301c93214d9044ae167b747806b9c4118ea4c3ef00168dcb
signal	src/client.rs	__sigval_t	__sigval_t	b0fa576ed5e9e2863ab498c8b824d6c55157b5c8516b86ebfbf713b68f7999f3
signal	src/proc.rs	__sigval_t	__sigval_t	b0fa576ed5e9e2863ab498c8b824d6c55157b5c8516b86ebfbf713b68f7999f3
signal	src/client.rs	sigaction	sigaction	fe28efdc40bf8f85ada2a47254104329843a6dc2138eb1e553ac73cd80ff9ac8
signal	src/proc.rs	sigaction	sigaction	fe28efdc40bf8f85ada2a47254104329843a6dc2138eb1e553ac73cd80ff9ac8
signal	src/client.rs	C2RustUnnamed_10	sigaction___sigaction_handler	c7fd409850797530b7a5202afcdcbb2cea9014bead793231da667d8dd3bfb192
signal	src/proc.rs	C2RustUnnamed_9	sigaction___sigaction_handler	c7fd409850797530b7a5202afcdcbb2cea9014bead793231da667d8dd3bfb192
signal	src/client.rs	siginfo_t	siginfo_t	355ea3f09a32d838faa4d501965607c1d1e3c5d05f91dfe0bca75340762f94a8
signal	src/proc.rs	siginfo_t	siginfo_t	355ea3f09a32d838faa4d501965607c1d1e3c5d05f91dfe0bca75340762f94a8
signal	src/client.rs	C2RustUnnamed_0	siginfo_t__sifields	d95c39177599183e127a23658796ae57dc1313d9321c906123f55e74b43fa17d
signal	src/proc.rs	C2RustUnnamed	siginfo_t__sifields	d95c39177599183e127a23658796ae57dc1313d9321c906123f55e74b43fa17d
signal	src/client.rs	C2RustUnnamed_9	siginfo_t__sifields__kill	4bb5cb5e39424acca5517748e725dde50ee99ce401d1ecbe67d865ab66febe0a
signal	src/proc.rs	C2RustUnnamed_8	siginfo_t__sifields__kill	4bb5cb5e39424acca5517748e725dde50ee99ce401d1ecbe67d865ab66febe0a
signal	src/client.rs	C2RustUnnamed_7	siginfo_t__sifields__rt	de660a9bc6d2cd801f6ae23a5faff3af0f51696887829d58ab443015bb1283fc
signal	src/proc.rs	C2RustUnnamed_6	siginfo_t__sifields__rt	de660a9bc6d2cd801f6ae23a5faff3af0f51696887829d58ab443015bb1283fc
signal	src/client.rs	C2RustUnnamed_6	siginfo_t__sifields__sigchld	4e517082970f9ed62872ea2f1642154646a57ef0daa59db506ebc8a548e3e820
signal	src/proc.rs	C2RustUnnamed_5	siginfo_t__sifields__sigchld	4e517082970f9ed62872ea2f1642154646a57ef0daa59db506ebc8a548e3e820
signal	src/client.rs	C2RustUnnamed_3	siginfo_t__sifields__sigfault	71357c61561592da4117c3f3a39e82069e9ec28cbc7535978deb99d0063836e7
signal	src/proc.rs	C2RustUnnamed_2	siginfo_t__sifields__sigfault	71357c61561592da4117c3f3a39e82069e9ec28cbc7535978deb99d0063836e7
signal	src/client.rs	C2RustUnnamed_4	siginfo_t__sifields__sigfault__bounds	d75c81a0ecbf843200dae3b5a4d3e9cd3605bc5f31aaccb9b8eb30bfe1216838
signal	src/proc.rs	C2RustUnnamed_3	siginfo_t__sifields__sigfault__bounds	d75c81a0ecbf843200dae3b5a4d3e9cd3605bc5f31aaccb9b8eb30bfe1216838
signal	src/client.rs	C2RustUnnamed_5	siginfo_t__sifields__sigfault__bounds__addr_bnd	4d6cb9a3110e753c8e3ace026d16e16fe0bb4e4ac4750c9f9e7e1336467808ed
signal	src/proc.rs	C2RustUnnamed_4	siginfo_t__sifields__sigfault__bounds__addr_bnd	4d6cb9a3110e753c8e3ace026d16e16fe0bb4e4ac4750c9f9e7e1336467808ed
signal	src/client.rs	C2RustUnnamed_2	siginfo_t__sifields__sigpoll	78166fd1a30d2741ecca6ecf7ce5803b3e0710be3cef6cc34f04ed0c4702ab46
signal	src/proc.rs	C2RustUnnamed_1	siginfo_t__sifields__sigpoll	78166fd1a30d2741ecca6ecf7ce5803b3e0710be3cef6cc34f04ed0c4702ab46
signal	src/client.rs	C2RustUnnamed_1	siginfo_t__sifields__sigsys	249f2ff3d285058b494b0ac5fcddc179e1a1634ff14cea9dbe25e8474ad110ae
signal	src/proc.rs	C2RustUnnamed_0	siginfo_t__sifields__sigsys	249f2ff3d285058b494b0ac5fcddc179e1a1634ff14cea9dbe25e8474ad110ae
signal	src/client.rs	C2RustUnnamed_8	siginfo_t__sifields__timer	76d6cd4dc8d0c4d5ca67b67f7409a0a160beb716a4156d6d6b21cd0f9c786769
signal	src/proc.rs	C2RustUnnamed_7	siginfo_t__sifields__timer	76d6cd4dc8d0c4d5ca67b67f7409a0a160beb716a4156d6d6b21cd0f9c786769
signal	src/client.rs	sigset_t	sigset_t	e6e9d887306bc33116107eb5bab39928af4b67c400b6aaa339a1023550cb0868
signal	src/cmd_pipe_pane.rs	sigset_t	sigset_t	e6e9d887306bc33116107eb5bab39928af4b67c400b6aaa339a1023550cb0868
signal	src/job.rs	sigset_t	sigset_t	e6e9d887306bc33116107eb5bab39928af4b67c400b6aaa339a1023550cb0868
signal	src/proc.rs	sigset_t	sigset_t	e6e9d887306bc33116107eb5bab39928af4b67c400b6aaa339a1023550cb0868
signal	src/server.rs	sigset_t	sigset_t	e6e9d887306bc33116107eb5bab39928af4b67c400b6aaa339a1023550cb0868
signal	src/spawn.rs	sigset_t	sigset_t	e6e9d887306bc33116107eb5bab39928af4b67c400b6aaa339a1023550cb0868
signal	src/client.rs	sigval	sigval	5baf25dfc06e48e14ff787b8289a9357192a345e4967d7fc27b37c638008ff1e
signal	src/proc.rs	sigval	sigval	5baf25dfc06e48e14ff787b8289a9357192a345e4967d7fc27b37c638008ff1e
socket	src/client.rs	AF_UNIX	AF_UNIX	d93478929268b9f53f738540c13b864326dfc1cc9f4faa5616e3bee66d4e3cc2
socket	src/cmd_pipe_pane.rs	AF_UNIX	AF_UNIX	d93478929268b9f53f738540c13b864326dfc1cc9f4faa5616e3bee66d4e3cc2
socket	src/job.rs	AF_UNIX	AF_UNIX	d93478929268b9f53f738540c13b864326dfc1cc9f4faa5616e3bee66d4e3cc2
socket	src/proc.rs	AF_UNIX	AF_UNIX	d93478929268b9f53f738540c13b864326dfc1cc9f4faa5616e3bee66d4e3cc2
socket	src/server.rs	AF_UNIX	AF_UNIX	d93478929268b9f53f738540c13b864326dfc1cc9f4faa5616e3bee66d4e3cc2
socket	src/client.rs	PF_LOCAL	PF_LOCAL	914c77e972c18499ca18b051742ef358afc183deeef1492faab970936db1e797
socket	src/cmd_pipe_pane.rs	PF_LOCAL	PF_LOCAL	914c77e972c18499ca18b051742ef358afc183deeef1492faab970936db1e797
socket	src/job.rs	PF_LOCAL	PF_LOCAL	914c77e972c18499ca18b051742ef358afc183deeef1492faab970936db1e797
socket	src/proc.rs	PF_LOCAL	PF_LOCAL	914c77e972c18499ca18b051742ef358afc183deeef1492faab970936db1e797
socket	src/server.rs	PF_LOCAL	PF_LOCAL	914c77e972c18499ca18b051742ef358afc183deeef1492faab970936db1e797
socket	src/client.rs	PF_UNIX	PF_UNIX	e2005f7611f33300f6c66cd5f0403330279c0276cd9db1824ac51aa5d0b68b75
socket	src/cmd_pipe_pane.rs	PF_UNIX	PF_UNIX	e2005f7611f33300f6c66cd5f0403330279c0276cd9db1824ac51aa5d0b68b75
socket	src/job.rs	PF_UNIX	PF_UNIX	e2005f7611f33300f6c66cd5f0403330279c0276cd9db1824ac51aa5d0b68b75
socket	src/proc.rs	PF_UNIX	PF_UNIX	e2005f7611f33300f6c66cd5f0403330279c0276cd9db1824ac51aa5d0b68b75
socket	src/server.rs	PF_UNIX	PF_UNIX	e2005f7611f33300f6c66cd5f0403330279c0276cd9db1824ac51aa5d0b68b75
socket	src/cmd_pipe_pane.rs	PF_UNSPEC	PF_UNSPEC	713dabcffe0c97ccca2c25ae658935c87a929c986ea06cb2eb3c1d297c054008
socket	src/job.rs	PF_UNSPEC	PF_UNSPEC	713dabcffe0c97ccca2c25ae658935c87a929c986ea06cb2eb3c1d297c054008
socket	src/proc.rs	PF_UNSPEC	PF_UNSPEC	713dabcffe0c97ccca2c25ae658935c87a929c986ea06cb2eb3c1d297c054008
socket	src/client.rs	SOCK_CLOEXEC	SOCK_CLOEXEC	4d7bc6ad3efe1312f667d950f8a67b5d8cabfe7278a38879e65b1da650289233
socket	src/cmd_pipe_pane.rs	SOCK_CLOEXEC	SOCK_CLOEXEC	4d7bc6ad3efe1312f667d950f8a67b5d8cabfe7278a38879e65b1da650289233
socket	src/compat/systemd.rs	SOCK_CLOEXEC	SOCK_CLOEXEC	4d7bc6ad3efe1312f667d950f8a67b5d8cabfe7278a38879e65b1da650289233
socket	src/job.rs	SOCK_CLOEXEC	SOCK_CLOEXEC	4d7bc6ad3efe1312f667d950f8a67b5d8cabfe7278a38879e65b1da650289233
socket	src/proc.rs	SOCK_CLOEXEC	SOCK_CLOEXEC	4d7bc6ad3efe1312f667d950f8a67b5d8cabfe7278a38879e65b1da650289233
socket	src/server.rs	SOCK_CLOEXEC	SOCK_CLOEXEC	4d7bc6ad3efe1312f667d950f8a67b5d8cabfe7278a38879e65b1da650289233
socket	src/client.rs	SOCK_DCCP	SOCK_DCCP	1fffc7f9d371fd5947651a641f0aa048db13ae832058b122761d8aa377760fed
socket	src/cmd_pipe_pane.rs	SOCK_DCCP	SOCK_DCCP	1fffc7f9d371fd5947651a641f0aa048db13ae832058b122761d8aa377760fed
socket	src/compat/systemd.rs	SOCK_DCCP	SOCK_DCCP	1fffc7f9d371fd5947651a641f0aa048db13ae832058b122761d8aa377760fed
socket	src/job.rs	SOCK_DCCP	SOCK_DCCP	1fffc7f9d371fd5947651a641f0aa048db13ae832058b122761d8aa377760fed
socket	src/proc.rs	SOCK_DCCP	SOCK_DCCP	1fffc7f9d371fd5947651a641f0aa048db13ae832058b122761d8aa377760fed
socket	src/server.rs	SOCK_DCCP	SOCK_DCCP	1fffc7f9d371fd5947651a641f0aa048db13ae832058b122761d8aa377760fed
socket	src/client.rs	SOCK_DGRAM	SOCK_DGRAM	8316d312e948e12eaac78b25497198bc38d42ea878ae262bcc5b1ffedeae1331
socket	src/cmd_pipe_pane.rs	SOCK_DGRAM	SOCK_DGRAM	8316d312e948e12eaac78b25497198bc38d42ea878ae262bcc5b1ffedeae1331
socket	src/compat/systemd.rs	SOCK_DGRAM	SOCK_DGRAM	8316d312e948e12eaac78b25497198bc38d42ea878ae262bcc5b1ffedeae1331
socket	src/job.rs	SOCK_DGRAM	SOCK_DGRAM	8316d312e948e12eaac78b25497198bc38d42ea878ae262bcc5b1ffedeae1331
socket	src/proc.rs	SOCK_DGRAM	SOCK_DGRAM	8316d312e948e12eaac78b25497198bc38d42ea878ae262bcc5b1ffedeae1331
socket	src/server.rs	SOCK_DGRAM	SOCK_DGRAM	8316d312e948e12eaac78b25497198bc38d42ea878ae262bcc5b1ffedeae1331
socket	src/client.rs	SOCK_NONBLOCK	SOCK_NONBLOCK	4ec1a46e4fd0fd50afe69d942e432456ce074fa5b8d07a2582df36dd83791724
socket	src/cmd_pipe_pane.rs	SOCK_NONBLOCK	SOCK_NONBLOCK	4ec1a46e4fd0fd50afe69d942e432456ce074fa5b8d07a2582df36dd83791724
socket	src/compat/systemd.rs	SOCK_NONBLOCK	SOCK_NONBLOCK	4ec1a46e4fd0fd50afe69d942e432456ce074fa5b8d07a2582df36dd83791724
socket	src/job.rs	SOCK_NONBLOCK	SOCK_NONBLOCK	4ec1a46e4fd0fd50afe69d942e432456ce074fa5b8d07a2582df36dd83791724
socket	src/proc.rs	SOCK_NONBLOCK	SOCK_NONBLOCK	4ec1a46e4fd0fd50afe69d942e432456ce074fa5b8d07a2582df36dd83791724
socket	src/server.rs	SOCK_NONBLOCK	SOCK_NONBLOCK	4ec1a46e4fd0fd50afe69d942e432456ce074fa5b8d07a2582df36dd83791724
socket	src/client.rs	SOCK_PACKET	SOCK_PACKET	d7718fcd71ab5fda00f3fddfececf94aa9188a2f893cd713664b5116ab7dbaea
socket	src/cmd_pipe_pane.rs	SOCK_PACKET	SOCK_PACKET	d7718fcd71ab5fda00f3fddfececf94aa9188a2f893cd713664b5116ab7dbaea
socket	src/compat/systemd.rs	SOCK_PACKET	SOCK_PACKET	d7718fcd71ab5fda00f3fddfececf94aa9188a2f893cd713664b5116ab7dbaea
socket	src/job.rs	SOCK_PACKET	SOCK_PACKET	d7718fcd71ab5fda00f3fddfececf94aa9188a2f893cd713664b5116ab7dbaea
socket	src/proc.rs	SOCK_PACKET	SOCK_PACKET	d7718fcd71ab5fda00f3fddfececf94aa9188a2f893cd713664b5116ab7dbaea
socket	src/server.rs	SOCK_PACKET	SOCK_PACKET	d7718fcd71ab5fda00f3fddfececf94aa9188a2f893cd713664b5116ab7dbaea
socket	src/client.rs	SOCK_RAW	SOCK_RAW	df5ba8fabfb6ebc36ad778acca3e4661a64bfae68eea9a08a20fc5cfcd2cbe70
socket	src/cmd_pipe_pane.rs	SOCK_RAW	SOCK_RAW	df5ba8fabfb6ebc36ad778acca3e4661a64bfae68eea9a08a20fc5cfcd2cbe70
socket	src/compat/systemd.rs	SOCK_RAW	SOCK_RAW	df5ba8fabfb6ebc36ad778acca3e4661a64bfae68eea9a08a20fc5cfcd2cbe70
socket	src/job.rs	SOCK_RAW	SOCK_RAW	df5ba8fabfb6ebc36ad778acca3e4661a64bfae68eea9a08a20fc5cfcd2cbe70
socket	src/proc.rs	SOCK_RAW	SOCK_RAW	df5ba8fabfb6ebc36ad778acca3e4661a64bfae68eea9a08a20fc5cfcd2cbe70
socket	src/server.rs	SOCK_RAW	SOCK_RAW	df5ba8fabfb6ebc36ad778acca3e4661a64bfae68eea9a08a20fc5cfcd2cbe70
socket	src/client.rs	SOCK_RDM	SOCK_RDM	06bb6a5fe100e884de1e415d0ec515eb5fdeaa5be0fc9ca14dfc8413830e1269
socket	src/cmd_pipe_pane.rs	SOCK_RDM	SOCK_RDM	06bb6a5fe100e884de1e415d0ec515eb5fdeaa5be0fc9ca14dfc8413830e1269
socket	src/compat/systemd.rs	SOCK_RDM	SOCK_RDM	06bb6a5fe100e884de1e415d0ec515eb5fdeaa5be0fc9ca14dfc8413830e1269
socket	src/job.rs	SOCK_RDM	SOCK_RDM	06bb6a5fe100e884de1e415d0ec515eb5fdeaa5be0fc9ca14dfc8413830e1269
socket	src/proc.rs	SOCK_RDM	SOCK_RDM	06bb6a5fe100e884de1e415d0ec515eb5fdeaa5be0fc9ca14dfc8413830e1269
socket	src/server.rs	SOCK_RDM	SOCK_RDM	06bb6a5fe100e884de1e415d0ec515eb5fdeaa5be0fc9ca14dfc8413830e1269
socket	src/client.rs	SOCK_SEQPACKET	SOCK_SEQPACKET	12f2672028a1bf1736e015dabe8dfd07a71d2c5743d9619b400611ecc432e36b
socket	src/cmd_pipe_pane.rs	SOCK_SEQPACKET	SOCK_SEQPACKET	12f2672028a1bf1736e015dabe8dfd07a71d2c5743d9619b400611ecc432e36b
socket	src/compat/systemd.rs	SOCK_SEQPACKET	SOCK_SEQPACKET	12f2672028a1bf1736e015dabe8dfd07a71d2c5743d9619b400611ecc432e36b
socket	src/job.rs	SOCK_SEQPACKET	SOCK_SEQPACKET	12f2672028a1bf1736e015dabe8dfd07a71d2c5743d9619b400611ecc432e36b
socket	src/proc.rs	SOCK_SEQPACKET	SOCK_SEQPACKET	12f2672028a1bf1736e015dabe8dfd07a71d2c5743d9619b400611ecc432e36b
socket	src/server.rs	SOCK_SEQPACKET	SOCK_SEQPACKET	12f2672028a1bf1736e015dabe8dfd07a71d2c5743d9619b400611ecc432e36b
socket	src/client.rs	SOCK_STREAM	SOCK_STREAM	b04b3825bb0a7d2f8c3b05d6dc20bb94ccc55819278cf4011f53786e086b1ad9
socket	src/cmd_pipe_pane.rs	SOCK_STREAM	SOCK_STREAM	b04b3825bb0a7d2f8c3b05d6dc20bb94ccc55819278cf4011f53786e086b1ad9
socket	src/compat/systemd.rs	SOCK_STREAM	SOCK_STREAM	b04b3825bb0a7d2f8c3b05d6dc20bb94ccc55819278cf4011f53786e086b1ad9
socket	src/job.rs	SOCK_STREAM	SOCK_STREAM	b04b3825bb0a7d2f8c3b05d6dc20bb94ccc55819278cf4011f53786e086b1ad9
socket	src/proc.rs	SOCK_STREAM	SOCK_STREAM	b04b3825bb0a7d2f8c3b05d6dc20bb94ccc55819278cf4011f53786e086b1ad9
socket	src/server.rs	SOCK_STREAM	SOCK_STREAM	b04b3825bb0a7d2f8c3b05d6dc20bb94ccc55819278cf4011f53786e086b1ad9
socket	src/compat/getpeereid.rs	SOL_SOCKET	SOL_SOCKET	dba7db7f8f0180923ca72250c3ba8dbbac3937a254ee1e2e37a9622f075f8701
socket	src/compat/imsg_buffer.rs	SOL_SOCKET	SOL_SOCKET	dba7db7f8f0180923ca72250c3ba8dbbac3937a254ee1e2e37a9622f075f8701
socket	src/client.rs	__CONST_SOCKADDR_ARG	__CONST_SOCKADDR_ARG	0a55d4a4706d9f34d0c752706930284aad2efe01271afa311fa76c3b25f23b29
socket	src/server.rs	__CONST_SOCKADDR_ARG	__CONST_SOCKADDR_ARG	0a55d4a4706d9f34d0c752706930284aad2efe01271afa311fa76c3b25f23b29
socket	src/compat/systemd.rs	__SOCKADDR_ARG	__SOCKADDR_ARG	8082a010e6d4d2303ee90ccd623ad9000129b850c30dc71fb9baf90d6f7fdc60
socket	src/server.rs	__SOCKADDR_ARG	__SOCKADDR_ARG	8082a010e6d4d2303ee90ccd623ad9000129b850c30dc71fb9baf90d6f7fdc60
socket	src/client.rs	__socket_type	__socket_type	269f5359b9d54849e9b9f0d231181c500ecbf12730296761b35cc2dbb926b11c
socket	src/cmd_pipe_pane.rs	__socket_type	__socket_type	269f5359b9d54849e9b9f0d231181c500ecbf12730296761b35cc2dbb926b11c
socket	src/compat/systemd.rs	__socket_type	__socket_type	269f5359b9d54849e9b9f0d231181c500ecbf12730296761b35cc2dbb926b11c
socket	src/job.rs	__socket_type	__socket_type	269f5359b9d54849e9b9f0d231181c500ecbf12730296761b35cc2dbb926b11c
socket	src/proc.rs	__socket_type	__socket_type	269f5359b9d54849e9b9f0d231181c500ecbf12730296761b35cc2dbb926b11c
socket	src/server.rs	__socket_type	__socket_type	269f5359b9d54849e9b9f0d231181c500ecbf12730296761b35cc2dbb926b11c
socket	src/client.rs	in6_addr	in6_addr	ea9c6502e262797bf1a3b7f1a8b53ba6ad9d1493c7a3aaa9f995616ac4510762
socket	src/compat/systemd.rs	in6_addr	in6_addr	ea9c6502e262797bf1a3b7f1a8b53ba6ad9d1493c7a3aaa9f995616ac4510762
socket	src/server.rs	in6_addr	in6_addr	ea9c6502e262797bf1a3b7f1a8b53ba6ad9d1493c7a3aaa9f995616ac4510762
socket	src/client.rs	C2RustUnnamed	in6_addr___in6_u	6e05a51dfdcb66528df4ae5eb108d37a947746c1b556c4c1bd16f204ec07ff88
socket	src/compat/systemd.rs	C2RustUnnamed	in6_addr___in6_u	6e05a51dfdcb66528df4ae5eb108d37a947746c1b556c4c1bd16f204ec07ff88
socket	src/server.rs	C2RustUnnamed	in6_addr___in6_u	6e05a51dfdcb66528df4ae5eb108d37a947746c1b556c4c1bd16f204ec07ff88
socket	src/client.rs	in_addr	in_addr	be19f06af21b4acd9403146ec0afc002d3614d06230009515472c02c14cb84f8
socket	src/compat/systemd.rs	in_addr	in_addr	be19f06af21b4acd9403146ec0afc002d3614d06230009515472c02c14cb84f8
socket	src/server.rs	in_addr	in_addr	be19f06af21b4acd9403146ec0afc002d3614d06230009515472c02c14cb84f8
socket	src/client.rs	in_addr_t	in_addr_t	809b8e73a97768d5b70c8c66c0619ee92b52d50fedfe46c1b77ee8c6633f1f40
socket	src/compat/systemd.rs	in_addr_t	in_addr_t	809b8e73a97768d5b70c8c66c0619ee92b52d50fedfe46c1b77ee8c6633f1f40
socket	src/server.rs	in_addr_t	in_addr_t	809b8e73a97768d5b70c8c66c0619ee92b52d50fedfe46c1b77ee8c6633f1f40
socket	src/client.rs	in_port_t	in_port_t	77f3ffa3cbd42b5c740c215b4926d449c2aae9faf39098e87f160d336250f3f2
socket	src/compat/systemd.rs	in_port_t	in_port_t	77f3ffa3cbd42b5c740c215b4926d449c2aae9faf39098e87f160d336250f3f2
socket	src/server.rs	in_port_t	in_port_t	77f3ffa3cbd42b5c740c215b4926d449c2aae9faf39098e87f160d336250f3f2
socket	src/client.rs	sa_family_t	sa_family_t	418a73157b7c177894a1c7283d48e8e0d2011d523beb234d6165840a703b7d00
socket	src/compat/systemd.rs	sa_family_t	sa_family_t	418a73157b7c177894a1c7283d48e8e0d2011d523beb234d6165840a703b7d00
socket	src/server.rs	sa_family_t	sa_family_t	418a73157b7c177894a1c7283d48e8e0d2011d523beb234d6165840a703b7d00
socket	src/client.rs	sockaddr	sockaddr	c0bbbb0c5fce9114bfff8542bf2de0c0732cb71d5b26f24bc51de31406043c2f
socket	src/compat/systemd.rs	sockaddr	sockaddr	c0bbbb0c5fce9114bfff8542bf2de0c0732cb71d5b26f24bc51de31406043c2f
socket	src/server.rs	sockaddr	sockaddr	c0bbbb0c5fce9114bfff8542bf2de0c0732cb71d5b26f24bc51de31406043c2f
socket	src/client.rs	sockaddr_at	sockaddr_at	dae31ccae91ecbc06c5ea2a044e377f78825ac124213ea9ec1ed456363df6430
socket	src/compat/systemd.rs	sockaddr_at	sockaddr_at	dae31ccae91ecbc06c5ea2a044e377f78825ac124213ea9ec1ed456363df6430
socket	src/server.rs	sockaddr_at	sockaddr_at	dae31ccae91ecbc06c5ea2a044e377f78825ac124213ea9ec1ed456363df6430
socket	src/client.rs	sockaddr_ax25	sockaddr_ax25	e17b7f8480ecc47f08934b0e59cbfd8c299a2a215f6c9d4f1e04c836d95f958a
socket	src/compat/systemd.rs	sockaddr_ax25	sockaddr_ax25	e17b7f8480ecc47f08934b0e59cbfd8c299a2a215f6c9d4f1e04c836d95f958a
socket	src/server.rs	sockaddr_ax25	sockaddr_ax25	e17b7f8480ecc47f08934b0e59cbfd8c299a2a215f6c9d4f1e04c836d95f958a
socket	src/client.rs	sockaddr_dl	sockaddr_dl	e4fdbc369f22f10f0e74c69b64152dfe7dd6b6701e5a613d8b175fffa71a9f61
socket	src/compat/systemd.rs	sockaddr_dl	sockaddr_dl	e4fdbc369f22f10f0e74c69b64152dfe7dd6b6701e5a613d8b175fffa71a9f61
socket	src/server.rs	sockaddr_dl	sockaddr_dl	e4fdbc369f22f10f0e74c69b64152dfe7dd6b6701e5a613d8b175fffa71a9f61
socket	src/client.rs	sockaddr_eon	sockaddr_eon	4fb955de191abac966b27c9c5daa121d5da145ec36d52e49f161bb2e40a5a54d
socket	src/compat/systemd.rs	sockaddr_eon	sockaddr_eon	4fb955de191abac966b27c9c5daa121d5da145ec36d52e49f161bb2e40a5a54d
socket	src/server.rs	sockaddr_eon	sockaddr_eon	4fb955de191abac966b27c9c5daa121d5da145ec36d52e49f161bb2e40a5a54d
socket	src/client.rs	sockaddr_in	sockaddr_in	9d5ad4c60cd06a26c81055bec67ae3c1e7a10f09b8e3d3a852d73106eda21263
socket	src/compat/systemd.rs	sockaddr_in	sockaddr_in	9d5ad4c60cd06a26c81055bec67ae3c1e7a10f09b8e3d3a852d73106eda21263
socket	src/server.rs	sockaddr_in	sockaddr_in	9d5ad4c60cd06a26c81055bec67ae3c1e7a10f09b8e3d3a852d73106eda21263
socket	src/client.rs	sockaddr_in6	sockaddr_in6	16170512e892b21f7e27c83f2d82355e55bdd6f5b5206901bc643b725dcb6b9a
socket	src/compat/systemd.rs	sockaddr_in6	sockaddr_in6	16170512e892b21f7e27c83f2d82355e55bdd6f5b5206901bc643b725dcb6b9a
socket	src/server.rs	sockaddr_in6	sockaddr_in6	16170512e892b21f7e27c83f2d82355e55bdd6f5b5206901bc643b725dcb6b9a
socket	src/client.rs	sockaddr_inarp	sockaddr_inarp	491009d90ddc06e739e8ba2cad9f0cc5c7be77dc4a5f16bddb2a990124843a34
socket	src/compat/systemd.rs	sockaddr_inarp	sockaddr_inarp	491009d90ddc06e739e8ba2cad9f0cc5c7be77dc4a5f16bddb2a990124843a34
socket	src/server.rs	sockaddr_inarp	sockaddr_inarp	491009d90ddc06e739e8ba2cad9f0cc5c7be77dc4a5f16bddb2a990124843a34
socket	src/client.rs	sockaddr_ipx	sockaddr_ipx	06130fa34de0274559199c3c94a0c0724d1486a265c19e941dc32f52c6cef783
socket	src/compat/systemd.rs	sockaddr_ipx	sockaddr_ipx	06130fa34de0274559199c3c94a0c0724d1486a265c19e941dc32f52c6cef783
socket	src/server.rs	sockaddr_ipx	sockaddr_ipx	06130fa34de0274559199c3c94a0c0724d1486a265c19e941dc32f52c6cef783
socket	src/client.rs	sockaddr_iso	sockaddr_iso	c9b7c985d523885ce6a16b5d45b1e8a5c145d50c4cec13e0484b6cc97ed47e5d
socket	src/compat/systemd.rs	sockaddr_iso	sockaddr_iso	c9b7c985d523885ce6a16b5d45b1e8a5c145d50c4cec13e0484b6cc97ed47e5d
socket	src/server.rs	sockaddr_iso	sockaddr_iso	c9b7c985d523885ce6a16b5d45b1e8a5c145d50c4cec13e0484b6cc97ed47e5d
socket	src/client.rs	sockaddr_ns	sockaddr_ns	6271bd0de256dee0c12fbc0e5b739b90af98c9b5ffca0e59faeef0850ad1e890
socket	src/compat/systemd.rs	sockaddr_ns	sockaddr_ns	6271bd0de256dee0c12fbc0e5b739b90af98c9b5ffca0e59faeef0850ad1e890
socket	src/server.rs	sockaddr_ns	sockaddr_ns	6271bd0de256dee0c12fbc0e5b739b90af98c9b5ffca0e59faeef0850ad1e890
socket	src/client.rs	sockaddr_un	sockaddr_un	79d6fd9ba85a14037d24bc94f760eb5669b91775eada5e012223fe25c8505909
socket	src/compat/systemd.rs	sockaddr_un	sockaddr_un	79d6fd9ba85a14037d24bc94f760eb5669b91775eada5e012223fe25c8505909
socket	src/server.rs	sockaddr_un	sockaddr_un	79d6fd9ba85a14037d24bc94f760eb5669b91775eada5e012223fe25c8505909
socket	src/client.rs	sockaddr_x25	sockaddr_x25	a61f36a1eb6cd1953155b1f682b9a158778a798b1ae73fe2a7bf031a3ba2051e
socket	src/compat/systemd.rs	sockaddr_x25	sockaddr_x25	a61f36a1eb6cd1953155b1f682b9a158778a798b1ae73fe2a7bf031a3ba2051e
socket	src/server.rs	sockaddr_x25	sockaddr_x25	a61f36a1eb6cd1953155b1f682b9a158778a798b1ae73fe2a7bf031a3ba2051e
time	src/tmux.rs	CLOCK_REALTIME	CLOCK_REALTIME	27a107300fca5912006281aae1822ef141ca2b442bdd3d1e7c6c83874e8ba9dd
time	src/window_clock.rs	CLOCK_REALTIME	CLOCK_REALTIME	27a107300fca5912006281aae1822ef141ca2b442bdd3d1e7c6c83874e8ba9dd
time	src/server.rs	timespec	timespec	4e0d55b98583ad097a40c6c5a22e7fad2607f8db4fff46940cd8ff44545bbc7d
time	src/tmux.rs	timespec	timespec	4e0d55b98583ad097a40c6c5a22e7fad2607f8db4fff46940cd8ff44545bbc7d
time	src/window_clock.rs	timespec	timespec	4e0d55b98583ad097a40c6c5a22e7fad2607f8db4fff46940cd8ff44545bbc7d
time	src/format.rs	tm	tm	498cc5ce93f68d86b8f96feca6954ec71cf340bf5c37f5e5b1e929fbc4941d8a
time	src/window_clock.rs	tm	tm	498cc5ce93f68d86b8f96feca6954ec71cf340bf5c37f5e5b1e929fbc4941d8a
