path	type	field	disposition	lifecycle
src/cmd/entries/command_prompt.rs	cmd_command_prompt_cdata	item	Skip; item/pane IDs or validated observers	The prompt closure owns this record; queue items and panes belong to other owners and may change while the prompt is open. See command_prompt callbacks and Drop.
src/cmd/entries/command_prompt.rs	cmd_command_prompt_cdata	wp	Skip; item/pane IDs or validated observers	The prompt closure owns this record; queue items and panes belong to other owners and may change while the prompt is open. See command_prompt callbacks and Drop.
src/cmd/entries/confirm_before.rs	cmd_confirm_before_data	item	Skip; queue-item identity	Prompt completion resumes an independently owned queue item; its lifetime is not a borrow of the prompt record.
src/cmd/entries/if_shell.rs	cmd_if_shell_data	client	Migrated: Option<ClientOwner>	This field consistently holds one retained client reference. ClientOwner preserves the existing Rc allocation and schedules server_client_unref_owned on every drop path. Explicit cleanup takes it at the original point; consumers project raw observers without borrowing the client for the containing record lifetime.
src/cmd/entries/if_shell.rs	cmd_if_shell_data	item	Skip; retained client handle / item identity	A job completion owns the callback record across event-loop turns. Client release is deferred; the waiting queue item is separately owned.
src/cmd/entries/load_buffer.rs	cmd_load_buffer_data	client	Migrated: Option<ClientOwner>	This field consistently holds one retained client reference. ClientOwner preserves the existing Rc allocation and schedules server_client_unref_owned on every drop path. Explicit cleanup takes it at the original point; consumers project raw observers without borrowing the client for the containing record lifetime.
src/cmd/entries/load_buffer.rs	cmd_load_buffer_data	item	Skip; retained client handle / item identity	File callbacks outlive command dispatch, retaining a client and observing a waiting queue item; no bounded borrow spans this operation.
src/cmd/entries/options_tests.rs	OptionGlobalsGuard	previous_global_options	Skip; raw test restoration handles	These save global addresses for restoration, not ownership. Borrowing them would conflict with the test mutating/replacing the globals.
src/cmd/entries/options_tests.rs	OptionGlobalsGuard	previous_global_s_options	Skip; raw test restoration handles	These save global addresses for restoration, not ownership. Borrowing them would conflict with the test mutating/replacing the globals.
src/cmd/entries/options_tests.rs	OptionGlobalsGuard	previous_global_w_options	Skip; raw test restoration handles	These save global addresses for restoration, not ownership. Borrowing them would conflict with the test mutating/replacing the globals.
src/cmd/entries/run_shell.rs	cmd_run_shell_data	client	Migrated: Option<ClientOwner>	This field consistently holds one retained client reference. ClientOwner preserves the existing Rc allocation and schedules server_client_unref_owned on every drop path. Explicit cleanup takes it at the original point; consumers project raw observers without borrowing the client for the containing record lifetime.
src/cmd/entries/run_shell.rs	cmd_run_shell_data	item	Skip; retained model handles / item identity	Timer ownership transfers to job completion. Client/session references use existing retain/release protocols, and item belongs to a queue.
src/cmd/entries/run_shell.rs	cmd_run_shell_data	s	Migrated: Option<SessionOwner>	Creation explicitly retains one session reference. SessionOwner keeps that existing Rc and invokes the original deferred session_remove_ref policy on Drop, including its release label. Explicit teardown takes the owner at the original point; client-attached session observers are unchanged.
src/cmd/entries/source_file.rs	cmd_source_file_data	item	Skip; queue-item identities	File reads and inserted callbacks transfer the record; item/after observe queue positions that can change during dispatch.
src/cmd/entries/source_file.rs	cmd_source_file_data	after	Skip; queue-item identities	File reads and inserted callbacks transfer the record; item/after observe queue positions that can change during dispatch.
src/cmd/entries/wait_for.rs	wait_event_item	item	Skip; queue/sink identities	The wait registry owns the record, while the queue and event registry own its targets; event delivery can remove registrations.
src/cmd/entries/wait_for.rs	wait_event_item	sink	Skip; queue/sink identities	The wait registry owns the record, while the queue and event registry own its targets; event delivery can remove registrations.
src/cmd/parse/lexer.rs	Source::File	0	Excluded; external ABI/resource contract	Lexer::from_file borrows a caller-opened libc FILE. It must neither close it nor own it as a Rust Box; libc mutates it through C APIs.
src/control.rs	CleanupProbe	client	Skip; test identity	Drop intentionally accesses the client during control-state cleanup; a reference would impose a borrow across that mutation.
src/environ.rs	ProcessEnvironmentSeed	0	Excluded; external ABI/resource contract	environ.rs allocates the pointer array with xcalloc. setenv may replace it; Drop frees it only if ownership did not move to libc environ. Box is the wrong allocator/ownership contract.
src/ffi/systemd.rs	sd_bus_error	name	Excluded; external ABI/resource contract	systemd supplies the string storage and its release protocol; Rust references/Box would misrepresent that external lifetime.
src/ffi/systemd.rs	sd_bus_error	message	Excluded; external ABI/resource contract	systemd supplies the string storage and its release protocol; Rust references/Box would misrepresent that external lifetime.
src/format.rs	format_expand_state	ft	Skip; bounded borrow candidate	Expansion recursively shares and mutates the format tree, including lazy callbacks. A whole-tree &mut held in the state is not exclusive across those calls.
src/format_draw.rs	format_range	s	Skip; screen identity	Ranges compare screen addresses while format_draw writes those same screens. A stored screen reference would alias the writer; an index needs a separate representation change.
src/hooks.rs	hooks_data	name	Migrated: &'a CStr	Synchronous hook dispatch borrows its caller-owned event name; the context cannot escape that call.
src/hooks.rs	hooks_data	formats	Migrated: FormatTreeOwner	Each dispatch creates its own format tree. The owner detaches the Box before cleanup so callback captures may reenter the raw tree without an outstanding whole-tree mutable borrow.
src/hooks.rs	hooks_data	oo	Skip; independently owned model observer	Hook expansion and insertion can mutate options/client state through other aliases. The name and format tree are now typed, but a borrow of these independent models across those callbacks is not guaranteed.
src/hooks.rs	hooks_data	client	Skip; independently owned model observer	Hook expansion and insertion can mutate options/client state through other aliases. The name and format tree are now typed, but a borrow of these independent models across those callbacks is not guaranteed.
src/hooks.rs	hooks_monitor	oo	Skip; typed monitor ownership / identities	An option owns this record; set and sink have separate destroy/remove protocols. Their callbacks capture this record and can remove the owning option. A borrow spanning dispatch is not guaranteed.
src/hooks.rs	hooks_monitor	set	Migrated: Option<MonitorOwner>	Each hook creates and solely owns a monitor set. Owner cleanup detaches the Box before timer/item/session/callback destruction; raw callbacks remain observers.
src/hooks.rs	hooks_monitor	sink	Skip; typed monitor ownership / identities	An option owns this record; set and sink have separate destroy/remove protocols. Their callbacks capture this record and can remove the owning option. A borrow spanning dispatch is not guaranteed.
src/input_keys.rs	input_key_entry	data	Migrated: Cow<'static, CStr>	Defaults borrow C literals; generated entries directly own CString bytes. Removed the adjacent CString owner plus raw self-reference; tree growth/duplicate behavior is retained.
src/input_keys.rs	input_key_tree	entries	Migrated: BTreeMap<key_code, InputKeyValue>	Static variant borrows immutable default entries; Generated variant owns Box<input_key_entry>. No separate vector/self-index is needed. Lookup remains const and duplicate insertion keeps the first entry.
src/job.rs	joblist	lh_first	Skip; registry owner plus identities	The intrusive head participates in job_run/job_free and callbacks that can cancel jobs. A Box chain requires coordinated unlinking and callback lifetime changes.
src/key_bindings.rs	key_tables	storage	Migrated: Option<RefBox<BTreeMap<key, KeyTableOwner>>>	The registry holds one existing strong reference per key table. Insert transfers that reference into Rc<UnsafeCell<key_table>>; remove transfers it back through the legacy raw API without releasing it early. Client/dispatch references remain independent.
src/layout/custom.rs	layout_parse_ctx	cause	Migrated: Option<&'a mut Option<CString>>	Caller lends diagnostic slot only during synchronous layout_parse/construct; every diagnostic write reborrows through the context. No direct competing cause access remains.
src/layout/custom.rs	layout_parse_cell_ctx	lc	Skip; cell identity	lc points inside the parser-owned Box tree. Parsing removes/reparents cells and transfers the root; a reference stored beside the root would be self-referential and conflict with mutation.
src/log/format.rs	LogCStr	ptr	Skip; caller-bound byte borrow candidate	Deferred formatting accepts an unsafe raw pointer, including non-NUL-terminated precision-limited data. The API does not carry an originating borrow, and lazy read timing must be preserved.
src/log/format.rs	Pointer	0	Skip; address value	Only formats pointer identity; there is no pointee access or lifetime to turn into a reference.
src/mode_tree.rs	NestedBuildState	mtd	Skip; test reentrancy handle	The test intentionally invokes nested mode-tree rebuilds through this pointer. A retained mutable borrow would prevent the tested behavior.
src/monitor.rs	Capture	set	Skip; test reentrancy handle	The monitor test removes the monitored item from inside its callback; the pointer identifies separately owned state, not a borrow held over dispatch.
src/popup.rs	popup_data	c	Migrated: Option<ClientOwner>	This field consistently holds one retained client reference. ClientOwner preserves the existing Rc allocation and schedules server_client_unref_owned on every drop path. Explicit cleanup takes it at the original point; consumers project raw observers without borrowing the client for the containing record lifetime.
src/popup.rs	popup_data	item	Skip; retained client / queue and job identities	The overlay owns the popup. c has an existing retained-client protocol; item belongs to the queue; job can complete/cancel asynchronously. These do not acquire the popup lifetime.
src/popup.rs	popup_data	job	Skip; retained client / queue and job identities	The overlay owns the popup. c has an existing retained-client protocol; item belongs to the queue; job can complete/cancel asynchronously. These do not acquire the popup lifetime.
src/popup.rs	popup_data	ictx	Migrated: Option<Box<input_ctx>>	Popup owns the parser Box and takes/drops it after job cancellation but before screen/palette cleanup. It never borrows popup storage for its whole lifetime.
src/reactor/streams.rs	StreamState	stream	Migrated: RefCell<Option<Box<bufferevent>>>	Runtime state owns the stream allocation. Free unregisters/cancels it, then takes the Box and ends the slot borrow before dropping callback captures. Retained async state no longer delays physical stream cleanup.
src/screen_redraw.rs	redraw_draw_ctx	active	Skip; pane identities	The scene borrow is bounded, but panes are separate mutable model objects and rendering/overlay callbacks can access them. Scene lifetime alone cannot prove pane exclusivity/liveness.
src/screen_redraw.rs	redraw_draw_ctx	marked	Skip; pane identities	The scene borrow is bounded, but panes are separate mutable model objects and rendering/overlay callbacks can access them. Scene lifetime alone cannot prove pane exclusivity/liveness.
src/screen_redraw.rs	redraw_build_ctx	c	Skip; model identities	Build work uses independently owned client/window objects and calls rendering helpers through their raw aliases. Scratch lifetime does not prove a whole-model borrow is exclusive.
src/screen_redraw.rs	redraw_build_ctx	w	Skip; model identities	Build work uses independently owned client/window objects and calls rendering helpers through their raw aliases. Scratch lifetime does not prove a whole-model borrow is exclusive.
src/screen_redraw.rs	redraw_build_ctx	cells	Migrated: &'a mut [redraw_build_cell]	The caller owns RedrawCellScratch; resize occurs before lending its used slice. The context cannot outlive that scratch borrow, and indexed access is bounded.
src/server_client.rs	ClientRegistry	ordered	Skip; nonowning active-client identities	ordered/successors preserve traversal after active removal. Weak Rc observers and the client-loss path manage liveness and ownership separately; the vectors/maps do not own clients.
src/server_client.rs	ClientRegistry	successors	Skip; nonowning active-client identities	ordered/successors preserve traversal after active removal. Weak Rc observers and the client-loss path manage liveness and ownership separately; the vectors/maps do not own clients.
src/shared/account.rs	passwd	pw_name	Excluded; external ABI/resource contract	libc account lookup owns/reuses these buffers; preserve its ABI and query lifetime.
src/shared/account.rs	passwd	pw_passwd	Excluded; external ABI/resource contract	libc account lookup owns/reuses these buffers; preserve its ABI and query lifetime.
src/shared/account.rs	passwd	pw_gecos	Excluded; external ABI/resource contract	libc account lookup owns/reuses these buffers; preserve its ABI and query lifetime.
src/shared/account.rs	passwd	pw_dir	Excluded; external ABI/resource contract	libc account lookup owns/reuses these buffers; preserve its ABI and query lifetime.
src/shared/account.rs	passwd	pw_shell	Excluded; external ABI/resource contract	libc account lookup owns/reuses these buffers; preserve its ABI and query lifetime.
src/shared/account.rs	group	gr_name	Excluded; external ABI/resource contract	libc account lookup owns/reuses these strings and member arrays; neither Rust Box nor a static borrow is justified.
src/shared/account.rs	group	gr_passwd	Excluded; external ABI/resource contract	libc account lookup owns/reuses these strings and member arrays; neither Rust Box nor a static borrow is justified.
src/shared/account.rs	group	gr_mem	Excluded; external ABI/resource contract	libc account lookup owns/reuses these strings and member arrays; neither Rust Box nor a static borrow is justified.
src/shared/client.rs	client	peer	Skip; retained/registered model handles	Client teardown, session switching, key-table replacement and peer/job callbacks cross event-loop turns. These targets have separate owners; a client-lifetime reference is not established.
src/shared/client.rs	client	jobs	Migrated: Option<Box<format_job_tree>>	Only format_job_get allocates the client cache; format_lost_client tidies jobs before taking/dropping it. Cache pointers are projected only for legacy calls.
src/shared/client.rs	client	input_requests	Skip; retained/registered model handles	Client teardown, session switching, key-table replacement and peer/job callbacks cross event-loop turns. These targets have separate owners; a client-lifetime reference is not established.
src/shared/client.rs	client	keytable	Migrated: Option<KeyTableOwner>	Client creation/switching explicitly retains the chosen table. The field now holds that Rc directly and takes it at the former unref point. Table removal may switch clients while independent dispatch references keep the old table alive.
src/shared/client.rs	client	session	Skip; independently owned observer	server_client_set_session replaces this observer without retaining the session. Session destruction and client switching update the model independently. A strong owner would add a reference the field never held, and a client-lifetime borrow is not established.
src/shared/client.rs	client	last_session	Skip; independently owned observer	This is a previous-session observer, assigned without retaining the target and cleared/updated during session changes. It is not an existing retained handle, and the client lifetime does not bound session mutation or destruction.
src/shared/client.rs	client	pan_window	Skip; retained/registered model handles	Client teardown, session switching, key-table replacement and peer/job callbacks cross event-loop turns. These targets have separate owners; a client-lifetime reference is not established.
src/shared/client.rs	client_files	storage	Skip; nonowning file index	file_create_with_client inserts the address but does not acquire a file reference for the index. Final file destruction removes the entry before releasing the client. Rc values would introduce an extra reference/cycle and Box values would conflict with outstanding callback references.
src/shared/client.rs	client_file	c	Migrated: Option<ClientOwner>	This field consistently holds one retained client reference. ClientOwner preserves the existing Rc allocation and schedules server_client_unref_owned on every drop path. Explicit cleanup takes it at the original point; consumers project raw observers without borrowing the client for the containing record lifetime.
src/shared/client.rs	client_file	peer	Skip; process-owned peer observer	file_create_with_peer and file_create_with_client copy the peer address without acquiring ownership. Process peer removal and asynchronous file callbacks have separate lifecycles; neither an owning Box nor a file-lifetime borrow is justified.
src/shared/client.rs	client_file	tree	Skip; independently owned observer	The file observes its containing client/global index. Final file destruction removes itself from that index before releasing its client owner. A stored reference would borrow the mutable containing index across insertions/removals and asynchronous callbacks.
src/shared/client.rs	client_file	event	Skip; independently owned observer	This handle identifies a runtime-owned bufferevent. File cancellation and final cleanup unregister the stream through bufferevent_free; its allocation is owned by StreamState, so another Box would duplicate ownership and a persistent borrow would cross cancellation.
src/shared/client.rs	client_file	wait_item	Skip; independently owned observer	The queue owns the waiting command item. File cancellation/completion clears the relationship and can resume or abort that item. The file acquires no item owner; a borrow spanning those asynchronous queue mutations is not guaranteed.
src/shared/client.rs	client_file	wait_client	Skip; waiting client observer	file_set_cmdq_wait copies the waiting queue item client without retaining it. Cancellation/completion clears that observer. It must not consume a client reference or borrow the independently mutable client for the file lifetime.
src/shared/client.rs	client_file_entry	owner	Skip; weak nonowning file index	This Weak observes an index that acquires no file reference. file_destroy removes its entry at final release. Typed owning values would change the file/client cleanup contract.
src/shared/command.rs	cmdq_item	queue	Skip; split owners and identities	queue/next/target_client/cmd/data/wait_file are aliases or callback identities; client can temporarily be replaced during dispatch; state/cmdlist carry existing retained references. cmd points into a separately retained list of boxes, not a transferable owner.
src/shared/command.rs	cmdq_item	next	Skip; split owners and identities	queue/next/target_client/cmd/data/wait_file are aliases or callback identities; client can temporarily be replaced during dispatch; state/cmdlist carry existing retained references. cmd points into a separately retained list of boxes, not a transferable owner.
src/shared/command.rs	cmdq_item	client	Skip; split owners and identities	queue/next/target_client/cmd/data/wait_file are aliases or callback identities; client can temporarily be replaced during dispatch; state/cmdlist carry existing retained references. cmd points into a separately retained list of boxes, not a transferable owner.
src/shared/command.rs	cmdq_item	target_client	Skip; split owners and identities	queue/next/target_client/cmd/data/wait_file are aliases or callback identities; client can temporarily be replaced during dispatch; state/cmdlist carry existing retained references. cmd points into a separately retained list of boxes, not a transferable owner.
src/shared/command.rs	cmdq_item	state	Migrated: Option<Rc<UnsafeCell<cmdq_state>>>	Each item owns a new or explicitly linked state reference. Accessors borrow the Rc address; cleanup takes it after releasing the command list, preserving format cleanup ordering.
src/shared/command.rs	cmdq_item	cmdlist	Migrated: Option<Rc<UnsafeCell<cmd_list>>>	Queue construction retains one existing list reference per command item, then transfers that reference to Rc. Both detached and queued cleanup take/drop it at the original point.
src/shared/command.rs	cmdq_item	cmd	Skip; split owners and identities	queue/next/target_client/cmd/data/wait_file are aliases or callback identities; client can temporarily be replaced during dispatch; state/cmdlist carry existing retained references. cmd points into a separately retained list of boxes, not a transferable owner.
src/shared/command.rs	cmdq_item	data	Skip; split owners and identities	queue/next/target_client/cmd/data/wait_file are aliases or callback identities; client can temporarily be replaced during dispatch; state/cmdlist carry existing retained references. cmd points into a separately retained list of boxes, not a transferable owner.
src/shared/command.rs	cmdq_item	wait_file	Skip; split owners and identities	queue/next/target_client/cmd/data/wait_file are aliases or callback identities; client can temporarily be replaced during dispatch; state/cmdlist carry existing retained references. cmd points into a separately retained list of boxes, not a transferable owner.
src/shared/command.rs	cmdq_list	item	Skip; active-item identity	item observes a Box in list while queue dispatch can insert, detach or destroy items. An embedded reference would borrow the same deque being modified.
src/shared/command.rs	cmd_find_state	current	Skip; validated model IDs / scoped views	Find states are copied into queue, prompt and event records and revalidated later. current can point into another find state. They are not confined to a single model borrow.
src/shared/command.rs	cmd_find_state	s	Skip; validated model IDs / scoped views	Find states are copied into queue, prompt and event records and revalidated later. current can point into another find state. They are not confined to a single model borrow.
src/shared/command.rs	cmd_find_state	wl	Skip; validated model IDs / scoped views	Find states are copied into queue, prompt and event records and revalidated later. current can point into another find state. They are not confined to a single model borrow.
src/shared/command.rs	cmd_find_state	w	Skip; validated model IDs / scoped views	Find states are copied into queue, prompt and event records and revalidated later. current can point into another find state. They are not confined to a single model borrow.
src/shared/command.rs	cmd_find_state	wp	Skip; validated model IDs / scoped views	Find states are copied into queue, prompt and event records and revalidated later. current can point into another find state. They are not confined to a single model borrow.
src/shared/command.rs	cmdq_state	formats	Migrated: Option<FormatTreeOwner>	Lazy creation transfers a single tree owner into queue state. Final state cleanup takes it before callback capture destruction.
src/shared/command.rs	wait_item	item	Skip; queue-item identity	The wait list owns only this waiter. The item remains queue-owned until resume/cancellation.
src/shared/command.rs	cmd_parse_input	item	Skip; callback/model identities	The cloned parse context carries raw queue/client inputs through recursive parsing; neither owns the targets nor establishes a borrow through all parse/format callbacks.
src/shared/command.rs	cmd_parse_input	c	Skip; callback/model identities	The cloned parse context carries raw queue/client inputs through recursive parsing; neither owns the targets nor establishes a borrow through all parse/format callbacks.
src/shared/command.rs	cmd_parse_result	cmdlist	Migrated: Option<Rc<UnsafeCell<cmd_list>>>	Parse success owns its initial retained list. Consumers either borrow its raw address or take ownership; dropping/replacing a result now releases its list, including expanded-hook results.
src/shared/control.rs	control_state	read_event	Skip; aliased registered stream handles	These fields can name the same stream in control-control mode. StreamState now owns its Box; these addresses identify that separate runtime registration. Independent Box fields would double-own it, and a client-lifetime reference would cross cancellation/free.
src/shared/control.rs	control_state	write_event	Skip; aliased registered stream handles	These fields can name the same stream in control-control mode. StreamState now owns its Box; these addresses identify that separate runtime registration. Independent Box fields would double-own it, and a client-lifetime reference would cross cancellation/free.
src/shared/control.rs	control_state	subs	Migrated: Option<MonitorOwner>	Control startup creates the sole monitor-set owner; control_stop takes it before stream/block cleanup while keeping the surrounding control state published.
src/shared/control.rs	control_pane	blocks	Skip; block IDs	blocks observes boxes in control_state.all_blocks; output discards/removes blocks and panes. A stored reference would borrow a sibling-owned collection across mutation.
src/shared/event.rs	bufferevent	ev_base	Skip; unused legacy slots	ev_base/be_ops have no active assignments/readers outside their declarations; do not invent a pointee lifetime. Removing obsolete slots is separate from ownership migration.
src/shared/event.rs	bufferevent	be_ops	Skip; unused legacy slots	ev_base/be_ops have no active assignments/readers outside their declarations; do not invent a pointee lifetime. Removing obsolete slots is separate from ownership migration.
src/shared/events.rs	EventPayloadValue::Client	0	Migrated: Rc<UnsafeCell<model>>	The setter retains one model reference, then transfers it into the typed value. Item Drop detaches the value while its name remains alive and passes its retained reference to the original model-specific release function. Deferred client/session cleanup and last-window-close notifications are preserved.
src/shared/events.rs	EventPayloadValue::Session	0	Migrated: Rc<UnsafeCell<model>>	The setter retains one model reference, then transfers it into the typed value. Item Drop detaches the value while its name remains alive and passes its retained reference to the original model-specific release function. Deferred client/session cleanup and last-window-close notifications are preserved.
src/shared/events.rs	EventPayloadValue::Window	0	Migrated: Rc<UnsafeCell<model>>	The setter retains one model reference, then transfers it into the typed value. Item Drop detaches the value while its name remains alive and passes its retained reference to the original model-specific release function. Deferred client/session cleanup and last-window-close notifications are preserved.
src/shared/events.rs	EventPayloadValue::Pane	0	Migrated: Rc<UnsafeCell<model>>	The setter retains one model reference, then transfers it into the typed value. Item Drop detaches the value while its name remains alive and passes its retained reference to the original model-specific release function. Deferred client/session cleanup and last-window-close notifications are preserved.
src/shared/events.rs	EventPayloadPointer::Raw	0	Skip; typed identity variants	Carries queue-item and hooks-monitor identities owned elsewhere. The erased pointer has no single ownership/lifetime contract.
src/shared/format.rs	format_tree	c	Skip; scoped model views / retained client handle	Defaults set borrowed model aliases; client is retained by format_create/free. Expansion callbacks may mutate/reenter the model. One lifetime or Box replacement cannot express these mixed contracts.
src/shared/format.rs	format_tree	s	Skip; scoped model views / retained client handle	Defaults set borrowed model aliases; client is retained by format_create/free. Expansion callbacks may mutate/reenter the model. One lifetime or Box replacement cannot express these mixed contracts.
src/shared/format.rs	format_tree	wl	Skip; scoped model views / retained client handle	Defaults set borrowed model aliases; client is retained by format_create/free. Expansion callbacks may mutate/reenter the model. One lifetime or Box replacement cannot express these mixed contracts.
src/shared/format.rs	format_tree	w	Skip; scoped model views / retained client handle	Defaults set borrowed model aliases; client is retained by format_create/free. Expansion callbacks may mutate/reenter the model. One lifetime or Box replacement cannot express these mixed contracts.
src/shared/format.rs	format_tree	wp	Skip; scoped model views / retained client handle	Defaults set borrowed model aliases; client is retained by format_create/free. Expansion callbacks may mutate/reenter the model. One lifetime or Box replacement cannot express these mixed contracts.
src/shared/format.rs	format_tree	item	Skip; scoped model views / retained client handle	Defaults set borrowed model aliases; client is retained by format_create/free. Expansion callbacks may mutate/reenter the model. One lifetime or Box replacement cannot express these mixed contracts.
src/shared/format.rs	format_tree	client	Migrated: Option<ClientOwner>	This field consistently holds one retained client reference. ClientOwner preserves the existing Rc allocation and schedules server_client_unref_owned on every drop path. Explicit cleanup takes it at the original point; consumers project raw observers without borrowing the client for the containing record lifetime.
src/shared/format.rs	format_job_tree	entries	Migrated: BTreeMap<key, Box<format_job>>	find_or_insert creates each Box; tidy snapshots keys and removes an owner before job_free, then drops it. Callback observers remain raw; no map borrow spans cancellation.
src/shared/format.rs	format_job	client	Skip; async client/job identities	The cache now owns the record, but the client owns the cache and job completion clears job. A client reference would borrow the parent, and job is independently managed by job_run/job_free.
src/shared/format.rs	format_job	job	Skip; async client/job identities	The cache now owns the record, but the client owns the cache and job completion clears job. A client reference would borrow the parent, and job is independently managed by job_run/job_free.
src/shared/input.rs	input_ctx	wp	Skip; model/stream/palette observers	The pane/popup/view now owns the parser Box. wp/event/palette/c still refer to externally mutable state; timers and nested input callbacks use those aliases. They cannot borrow the enclosing owner for the parser lifetime.
src/shared/input.rs	input_ctx	event	Skip; model/stream/palette observers	The pane/popup/view now owns the parser Box. wp/event/palette/c still refer to externally mutable state; timers and nested input callbacks use those aliases. They cannot borrow the enclosing owner for the parser lifetime.
src/shared/input.rs	input_ctx	palette	Skip; model/stream/palette observers	The pane/popup/view now owns the parser Box. wp/event/palette/c still refer to externally mutable state; timers and nested input callbacks use those aliases. They cannot borrow the enclosing owner for the parser lifetime.
src/shared/input.rs	input_ctx	c	Skip; model/stream/palette observers	The pane/popup/view now owns the parser Box. wp/event/palette/c still refer to externally mutable state; timers and nested input callbacks use those aliases. They cannot borrow the enclosing owner for the parser lifetime.
src/shared/input.rs	input_ctx	state	Migrated: &'static input_state	Only immutable state statics are installed by new/reset/transitions. Initial state is ground; no heap/model owner is borrowed.
src/shared/input.rs	input_request	c	Skip; owner/client identities	The parser owns requests, while clients keep request observers. ictx is a parent back-pointer; client replies and timeout cleanup remove requests. Stored references would cross that mutation.
src/shared/input.rs	input_request	ictx	Skip; owner/client identities	The parser owns requests, while clients keep request observers. ictx is a parent back-pointer; client replies and timeout cleanup remove requests. Stored references would cross that mutation.
src/shared/input.rs	input_state	transitions	Migrated: &'static [input_transition]	All transition arrays are immutable statics; bounded iteration preserves first-match and sentinel semantics.
src/shared/input.rs	input_transition	state	Migrated: Option<&'static input_state>	Targets are immutable state statics or None for stay-in-state. The cyclic static graph has no mutable state storage.
src/shared/job.rs	job	event	Skip; registered stream handle	job_run creates a runtime-registered stream; completion/free cancel callbacks and close the process/fd in a defined order. A Box field cannot independently own a runtime-owned stream.
src/shared/job.rs	job_entry	le_next	Skip; intrusive-list identities	le_next/le_prev link separately allocated jobs, including a pointer to another link slot; job_free rewrites them during callbacks.
src/shared/job.rs	job_entry	le_prev	Skip; intrusive-list identities	le_next/le_prev link separately allocated jobs, including a pointer to another link slot; job_free rewrites them during callbacks.
src/shared/key.rs	key_event	client	Skip; client identity	Queued/copied key events may outlive their dispatch stack and refer to mutable clients; the event itself does not retain a borrow or transfer ownership.
src/shared/key.rs	key_table_entry	owner	Migrated: Option<Weak<BTreeMap<key, KeyTableOwner>>>	Traversal weakly observes the typed registry. Removal clears this observer before the index is released; it does not retain the table or borrow the registry across callbacks.
src/shared/layout.rs	layout_cell	parent	Skip; parent/pane identities	Parents/root boxes own cells and are reparented, split, detached and zoomed; wp observes a pane with its own lifetime. A parent reference would create self-borrowing ownership and alias mutation.
src/shared/layout.rs	layout_cell	wp	Skip; parent/pane identities	Parents/root boxes own cells and are reparented, split, detached and zoomed; wp observes a pane with its own lifetime. A parent reference would create self-borrowing ownership and alias mutation.
src/shared/mode_tree.rs	mode_tree_data	wp	Skip; pane identity	Mode-tree callbacks and prompts access the pane while commands may reset its mode. The pane owns the mode lifecycle; borrowing it inside mode data is not valid for that lifecycle.
src/shared/monitor.rs	monitor_set	client	Skip; enclosing client observer	monitor_create_client assigns the client without retaining it; control state owns the monitor. Timer dispatch and control teardown use the parent client. A stored reference would self-borrow the owner, and a strong handle would add ownership.
src/shared/monitor.rs	monitor_set	session	Migrated: Option<SessionOwner>	Creation explicitly retains one session reference. SessionOwner keeps that existing Rc and invokes the original deferred session_remove_ref policy on Drop, including its release label. Explicit teardown takes the owner at the original point; client-attached session observers are unchanged.
src/shared/monitor.rs	monitor_change	name	Migrated: &'a CStr	monitor_report already clones the name before callback dispatch; the change borrows that local snapshot, which survives item/set removal.
src/shared/monitor.rs	monitor_change	value	Migrated: &'a CStr	monitor_check_value owns the current expansion outside the monitored item; dispatch borrows it only until callback return.
src/shared/monitor.rs	monitor_change	last	Migrated: Option<&'a CStr>	Previous value is moved out of item storage into a local CString owner before dispatch; None represents an initial report. Callback removal cannot invalidate it.
src/shared/monitor.rs	monitor_change	c	Skip; model identities during callback	String snapshots are borrowed safely below, but c/s/wl/wp are mutable model targets which callbacks may remove. Dispatch lifetime alone does not prove those models stay alive and unaliased.
src/shared/monitor.rs	monitor_change	s	Skip; model identities during callback	String snapshots are borrowed safely below, but c/s/wl/wp are mutable model targets which callbacks may remove. Dispatch lifetime alone does not prove those models stay alive and unaliased.
src/shared/monitor.rs	monitor_change	wl	Skip; model identities during callback	String snapshots are borrowed safely below, but c/s/wl/wp are mutable model targets which callbacks may remove. Dispatch lifetime alone does not prove those models stay alive and unaliased.
src/shared/monitor.rs	monitor_change	wp	Skip; model identities during callback	String snapshots are borrowed safely below, but c/s/wl/wp are mutable model targets which callbacks may remove. Dispatch lifetime alone does not prove those models stay alive and unaliased.
src/shared/monitor.rs	monitor_items	storage	Migrated: Option<RefBox<BTreeMap<key, Box<monitor_item>>>>	Successful insert consumes the raw Box owner; duplicate insert leaves ownership with the caller. Remove returns the detached Box through the legacy raw API; wrong-index removal leaves it untouched. All map borrows end before callback dispatch or node destruction.
src/shared/monitor.rs	monitor_item_entry	owner	Migrated: Option<Weak<BTreeMap<key, Box<monitor_item>>>>	Remains a weak traversal observer of the now-typed owning index; removal clears it before releasing the index or node. No node borrows its enclosing owner.
src/shared/monitor.rs	monitor_windows	storage	Migrated: Option<RefBox<BTreeMap<key, Box<monitor_window>>>>	Successful insert consumes the raw Box owner; duplicate insert leaves ownership with the caller. Remove returns the detached Box through the legacy raw API; wrong-index removal leaves it untouched. All map borrows end before callback dispatch or node destruction.
src/shared/monitor.rs	monitor_window_entry	owner	Migrated: Option<Weak<BTreeMap<key, Box<monitor_window>>>>	Remains a weak traversal observer of the now-typed owning index; removal clears it before releasing the index or node. No node borrows its enclosing owner.
src/shared/monitor.rs	monitor_panes	storage	Migrated: Option<RefBox<BTreeMap<key, Box<monitor_pane>>>>	Successful insert consumes the raw Box owner; duplicate insert leaves ownership with the caller. Remove returns the detached Box through the legacy raw API; wrong-index removal leaves it untouched. All map borrows end before callback dispatch or node destruction.
src/shared/monitor.rs	monitor_pane_entry	owner	Migrated: Option<Weak<BTreeMap<key, Box<monitor_pane>>>>	Remains a weak traversal observer of the now-typed owning index; removal clears it before releasing the index or node. No node borrows its enclosing owner.
src/shared/options.rs	options	tree	Migrated: BTreeMap<Vec<u8>, Box<options_entry>>	options_add transfers each allocation directly into the map; options_remove clears values/monitor before removal and automatic Box drop.
src/shared/options.rs	options	parent	Skip; parent identity	Parent option roots are owned by other models/globals and can be replaced/reparented while descendants persist. A child cannot hold a parent borrow across those operations.
src/shared/options.rs	options_array_item	owner	Skip; parent-entry identity	The entry owns this boxed array item; owner points back into that same ownership tree while options_array_clear mutates it.
src/shared/options.rs	options_entry	owner	Skip; parent options identity	The options root owns this entry Box. The back-pointer observes that root during entry replacement/removal and cannot hold a borrow of its owner.
src/shared/options.rs	options_entry	tableentry	Migrated: Option<&'static options_table_entry>	All production definitions belong to the immutable options_table. options_empty resolves the legacy pointer against that static array, obtaining the reference from the owner without a lifetime cast. Removed the test-only stack-built descriptor.
src/shared/options.rs	options_entry	monitor_data	Migrated: Option<Box<hooks_monitor>>	All assignments install hooks_monitor allocations. Removal detaches the owner before cleanup; Drop removes the event sink before destroying the monitor set.
src/shared/options.rs	OptionCommand	0	Migrated: Option<Rc<UnsafeCell<cmd_list>>>	Transfers the existing retained command-list reference without incrementing it. Ordinary Rc drop matches cmd_list_free; mutation continues through the existing UnsafeCell model.
src/shared/options.rs	options_table_entry	name	Migrated: Option<&'static CStr>	All stored strings and arrays have immutable literal/constant backing, including runtime-built test descriptors. The built-in table and arrays are now immutable statics; null-terminated array walks became bounded slice iteration.
src/shared/options.rs	options_table_entry	alternative_name	Migrated: Option<&'static CStr>	All stored strings and arrays have immutable literal/constant backing, including runtime-built test descriptors. The built-in table and arrays are now immutable statics; null-terminated array walks became bounded slice iteration.
src/shared/options.rs	options_table_entry	choices	Migrated: &'static [&'static CStr]	All stored strings and arrays have immutable literal/constant backing, including runtime-built test descriptors. The built-in table and arrays are now immutable statics; null-terminated array walks became bounded slice iteration.
src/shared/options.rs	options_table_entry	default_str	Migrated: Option<&'static CStr>	All stored strings and arrays have immutable literal/constant backing, including runtime-built test descriptors. The built-in table and arrays are now immutable statics; null-terminated array walks became bounded slice iteration.
src/shared/options.rs	options_table_entry	default_arr	Migrated: Option<&'static [&'static CStr]>	All stored strings and arrays have immutable literal/constant backing, including runtime-built test descriptors. The built-in table and arrays are now immutable statics; null-terminated array walks became bounded slice iteration.
src/shared/options.rs	options_table_entry	separator	Migrated: Option<&'static CStr>	All stored strings and arrays have immutable literal/constant backing, including runtime-built test descriptors. The built-in table and arrays are now immutable statics; null-terminated array walks became bounded slice iteration.
src/shared/options.rs	options_table_entry	pattern	Migrated: Option<&'static CStr>	All stored strings and arrays have immutable literal/constant backing, including runtime-built test descriptors. The built-in table and arrays are now immutable statics; null-terminated array walks became bounded slice iteration.
src/shared/options.rs	options_table_entry	text	Migrated: Option<&'static CStr>	All stored strings and arrays have immutable literal/constant backing, including runtime-built test descriptors. The built-in table and arrays are now immutable statics; null-terminated array walks became bounded slice iteration.
src/shared/options.rs	options_table_entry	unit	Migrated: Option<&'static CStr>	All stored strings and arrays have immutable literal/constant backing, including runtime-built test descriptors. The built-in table and arrays are now immutable statics; null-terminated array walks became bounded slice iteration.
src/shared/options.rs	options_array_storage	entries	Migrated: BTreeMap<OptionsArrayKey, Box<options_array_item>>	options_array_new inserts its Box; options_array_free releases value before removing/dropping the owner. No parent borrow is stored.
src/shared/pane.rs	window_pane_resizes	reserved	Skip; reserved slot	Always-null legacy reserved slot, not an owned allocation or a valid reference target.
src/shared/pane.rs	window_pane	window	Skip; model/layout/queue/editor/stream/screen identities	Pane move/zoom changes window and layout links; wait/editor/stream callbacks cross dispatch; screen aliases either embedded base or mode-owned screen. These targets are not all owned by this field or borrowable for the pane lifetime.
src/shared/pane.rs	window_pane	options	Migrated: Option<Box<options>>	Pane creation transfers a new root Box directly; final pane cleanup drops it before palette teardown. Parent/reparent links remain raw observers.
src/shared/pane.rs	window_pane	layout_cell	Skip; model/layout/queue/editor/stream/screen identities	Pane move/zoom changes window and layout links; wait/editor/stream callbacks cross dispatch; screen aliases either embedded base or mode-owned screen. These targets are not all owned by this field or borrowable for the pane lifetime.
src/shared/pane.rs	window_pane	saved_layout_cell	Skip; model/layout/queue/editor/stream/screen identities	Pane move/zoom changes window and layout links; wait/editor/stream callbacks cross dispatch; screen aliases either embedded base or mode-owned screen. These targets are not all owned by this field or borrowable for the pane lifetime.
src/shared/pane.rs	window_pane	wait_item	Skip; model/layout/queue/editor/stream/screen identities	Pane move/zoom changes window and layout links; wait/editor/stream callbacks cross dispatch; screen aliases either embedded base or mode-owned screen. These targets are not all owned by this field or borrowable for the pane lifetime.
src/shared/pane.rs	window_pane	editor	Migrated: Option<Box<spawn_editor_state>>	Creation transfers its Box to the pane. Completion takes the owner before invoking its one-shot callback; Drop unlinks its temporary file. Mode editor fields remain observers.
src/shared/pane.rs	window_pane	event	Skip; model/layout/queue/editor/stream/screen identities	Pane move/zoom changes window and layout links; wait/editor/stream callbacks cross dispatch; screen aliases either embedded base or mode-owned screen. These targets are not all owned by this field or borrowable for the pane lifetime.
src/shared/pane.rs	window_pane	ictx	Migrated: Option<Box<input_ctx>>	input_init returns its Box after registering timers at a stable address. Pane destroy/respawn takes it at the original cleanup point; input_ctx::drop cancels requests/timers before deallocation.
src/shared/pane.rs	window_pane	pipe_event	Skip; model/layout/queue/editor/stream/screen identities	Pane move/zoom changes window and layout links; wait/editor/stream callbacks cross dispatch; screen aliases either embedded base or mode-owned screen. These targets are not all owned by this field or borrowable for the pane lifetime.
src/shared/pane.rs	window_pane	screen	Skip; model/layout/queue/editor/stream/screen identities	Pane move/zoom changes window and layout links; wait/editor/stream callbacks cross dispatch; screen aliases either embedded base or mode-owned screen. These targets are not all owned by this field or borrowable for the pane lifetime.
src/shared/pane.rs	window_pane_tree_entry	owner	Skip; weak nonowning pane index	Weak traversal observes the pane index. Its raw values do not own references: final pane destruction removes the entry. Turning the values into owners would change pane lifetime.
src/shared/pane.rs	window_pane_modes	active	Skip; active-mode identity	active points into a mode-list owner while reset/removal and callbacks mutate that list. A stored borrow would be self-referential.
src/shared/pane.rs	window_pane_tree	storage	Skip; nonowning pane index	The map does not acquire a pane reference. Final pane destruction removes its entry; strong Rc values would create extra owners and prevent that cleanup, while Box values would conflict with independently retained panes.
src/shared/posix_io.rs	glob_t	gl_pathv	Excluded; external ABI/resource contract	glob/globfree allocate and release the path vector. Rust Box/slices cannot replace the ABI field or its allocator contract.
src/shared/process.rs	tmuxpeer	parent	Skip; process back-pointer	Process owns/coordinates peers and dispatch; parent is a process-root observer, including signal/peer callbacks, without a scoped borrow.
src/shared/redraw.rs	redraw_scene	c	Skip; cached model identities	Client owns a cached scene with back-pointers to client/window. Cache generation/rebuild handles invalidation; references would self-borrow client storage across mutation.
src/shared/redraw.rs	redraw_scene	w	Skip; cached model identities	Client owns a cached scene with back-pointers to client/window. Cache generation/rebuild handles invalidation; references would self-borrow client storage across mutation.
src/shared/redraw.rs	RedrawPaneSpan	wp	Skip; cached pane identity	Scene spans survive render calls and pane mutations; generation invalidation is not a Rust lifetime tying them to a pane owner.
src/shared/redraw.rs	RedrawBorderSpan	top_wp	Skip; cached pane identities	Border spans cache neighboring/style pane addresses across scene reuse. No borrow of all pane owners survives window changes safely.
src/shared/redraw.rs	RedrawBorderSpan	bottom_wp	Skip; cached pane identities	Border spans cache neighboring/style pane addresses across scene reuse. No borrow of all pane owners survives window changes safely.
src/shared/redraw.rs	RedrawBorderSpan	left_wp	Skip; cached pane identities	Border spans cache neighboring/style pane addresses across scene reuse. No borrow of all pane owners survives window changes safely.
src/shared/redraw.rs	RedrawBorderSpan	right_wp	Skip; cached pane identities	Border spans cache neighboring/style pane addresses across scene reuse. No borrow of all pane owners survives window changes safely.
src/shared/redraw.rs	RedrawBorderSpan	style_wp	Skip; cached pane identities	Border spans cache neighboring/style pane addresses across scene reuse. No borrow of all pane owners survives window changes safely.
src/shared/redraw.rs	RedrawStatusSpan	wp	Skip; cached pane identity	Scene caches a pane whose status screen can be rewritten or whose mode can close; use a validated identity before borrowing.
src/shared/redraw.rs	RedrawScrollbarSpan	wp	Skip; cached pane identity	Pane/scrollbar state changes independently of cached scene ownership. A persistent pane reference is not justified.
src/shared/screen_write.rs	screen_write_ctx	wp	Skip; split synchronous writer from stored parser context	This struct is also embedded in input_ctx and reused across parse calls. s can point to an embedded or mode-owned screen while callbacks mutate it; not every context is a bounded local borrow.
src/shared/screen_write.rs	screen_write_ctx	s	Skip; split synchronous writer from stored parser context	This struct is also embedded in input_ctx and reused across parse calls. s can point to an embedded or mode-owned screen while callbacks mutate it; not every context is a bounded local borrow.
src/shared/session.rs	session	curw	Skip; current-winlink identity	curw observes a RefBox in session.windows while winlinks are switched, removed and groups synchronized. A stored reference would borrow the session-owned index across mutation.
src/shared/session.rs	session	options	Migrated: Option<Box<options>>	session_create consumes the caller-owned raw option root at the existing transfer boundary; session_free takes/drops it after environment cleanup. Option Drop preserves entry/monitor ordering.
src/shared/session.rs	session_entry	owner	Skip; weak nonowning session index	This Weak observes the session index, whose raw values can refer to caller-owned Boxes as well as Rc sessions. Typed owning values would consume or retain references the index never acquired; index removal/rename is separate from session release.
src/shared/session.rs	sessions	storage	Skip; nonowning session index	sessions_insert/remove only index addresses; rename removes/reinserts without releasing the session. session_destroy releases its reference separately after events and winlink teardown. session_storage tests also insert caller-owned Boxes. Neither Box consumption nor Rc::from_raw on insertion matches this shared index API.
src/shared/session.rs	session_group	members	Skip; member session identities	Group membership does not own sessions; sessions move between groups and are removed during destroy. A member borrow cannot span that mutation.
src/shared/signal.rs	sigval	sival_ptr	Excluded; external ABI/resource contract	The operating system/caller supplies an opaque signal payload; no Rust pointee ownership is implied.
src/shared/signal.rs	siginfo_t__sifields__sigsys	_call_addr	Excluded; external ABI/resource contract	Kernel-reported instruction address is diagnostic identity, not an allocation or a borrowable object.
src/shared/signal.rs	siginfo_t__sifields__sigfault	si_addr	Excluded; external ABI/resource contract	Kernel fault address may be invalid memory; converting it to a reference would be unsound.
src/shared/signal.rs	siginfo_t__sifields__sigfault__bounds__addr_bnd	_lower	Excluded; external ABI/resource contract	Kernel-reported bounds are addresses, not proof of live aligned Rust objects.
src/shared/signal.rs	siginfo_t__sifields__sigfault__bounds__addr_bnd	_upper	Excluded; external ABI/resource contract	Kernel-reported bounds are addresses, not proof of live aligned Rust objects.
src/shared/socket.rs	__CONST_SOCKADDR_ARG	__sockaddr__	Excluded; external ABI/resource contract	C socket argument union uses pointer-compatible alternatives; constructing a Rust reference would impose a lifetime/validity contract absent from the ABI.
src/shared/socket.rs	__CONST_SOCKADDR_ARG	__sockaddr_at__	Excluded; external ABI/resource contract	C socket argument union uses pointer-compatible alternatives; constructing a Rust reference would impose a lifetime/validity contract absent from the ABI.
src/shared/socket.rs	__CONST_SOCKADDR_ARG	__sockaddr_ax25__	Excluded; external ABI/resource contract	C socket argument union uses pointer-compatible alternatives; constructing a Rust reference would impose a lifetime/validity contract absent from the ABI.
src/shared/socket.rs	__CONST_SOCKADDR_ARG	__sockaddr_dl__	Excluded; external ABI/resource contract	C socket argument union uses pointer-compatible alternatives; constructing a Rust reference would impose a lifetime/validity contract absent from the ABI.
src/shared/socket.rs	__CONST_SOCKADDR_ARG	__sockaddr_eon__	Excluded; external ABI/resource contract	C socket argument union uses pointer-compatible alternatives; constructing a Rust reference would impose a lifetime/validity contract absent from the ABI.
src/shared/socket.rs	__CONST_SOCKADDR_ARG	__sockaddr_in__	Excluded; external ABI/resource contract	C socket argument union uses pointer-compatible alternatives; constructing a Rust reference would impose a lifetime/validity contract absent from the ABI.
src/shared/socket.rs	__CONST_SOCKADDR_ARG	__sockaddr_in6__	Excluded; external ABI/resource contract	C socket argument union uses pointer-compatible alternatives; constructing a Rust reference would impose a lifetime/validity contract absent from the ABI.
src/shared/socket.rs	__CONST_SOCKADDR_ARG	__sockaddr_inarp__	Excluded; external ABI/resource contract	C socket argument union uses pointer-compatible alternatives; constructing a Rust reference would impose a lifetime/validity contract absent from the ABI.
src/shared/socket.rs	__CONST_SOCKADDR_ARG	__sockaddr_ipx__	Excluded; external ABI/resource contract	C socket argument union uses pointer-compatible alternatives; constructing a Rust reference would impose a lifetime/validity contract absent from the ABI.
src/shared/socket.rs	__CONST_SOCKADDR_ARG	__sockaddr_iso__	Excluded; external ABI/resource contract	C socket argument union uses pointer-compatible alternatives; constructing a Rust reference would impose a lifetime/validity contract absent from the ABI.
src/shared/socket.rs	__CONST_SOCKADDR_ARG	__sockaddr_ns__	Excluded; external ABI/resource contract	C socket argument union uses pointer-compatible alternatives; constructing a Rust reference would impose a lifetime/validity contract absent from the ABI.
src/shared/socket.rs	__CONST_SOCKADDR_ARG	__sockaddr_un__	Excluded; external ABI/resource contract	C socket argument union uses pointer-compatible alternatives; constructing a Rust reference would impose a lifetime/validity contract absent from the ABI.
src/shared/socket.rs	__CONST_SOCKADDR_ARG	__sockaddr_x25__	Excluded; external ABI/resource contract	C socket argument union uses pointer-compatible alternatives; constructing a Rust reference would impose a lifetime/validity contract absent from the ABI.
src/shared/socket.rs	__SOCKADDR_ARG	__sockaddr__	Excluded; external ABI/resource contract	Mutable C socket argument union must retain its ABI; callers/OS control output initialization and lengths.
src/shared/socket.rs	__SOCKADDR_ARG	__sockaddr_at__	Excluded; external ABI/resource contract	Mutable C socket argument union must retain its ABI; callers/OS control output initialization and lengths.
src/shared/socket.rs	__SOCKADDR_ARG	__sockaddr_ax25__	Excluded; external ABI/resource contract	Mutable C socket argument union must retain its ABI; callers/OS control output initialization and lengths.
src/shared/socket.rs	__SOCKADDR_ARG	__sockaddr_dl__	Excluded; external ABI/resource contract	Mutable C socket argument union must retain its ABI; callers/OS control output initialization and lengths.
src/shared/socket.rs	__SOCKADDR_ARG	__sockaddr_eon__	Excluded; external ABI/resource contract	Mutable C socket argument union must retain its ABI; callers/OS control output initialization and lengths.
src/shared/socket.rs	__SOCKADDR_ARG	__sockaddr_in__	Excluded; external ABI/resource contract	Mutable C socket argument union must retain its ABI; callers/OS control output initialization and lengths.
src/shared/socket.rs	__SOCKADDR_ARG	__sockaddr_in6__	Excluded; external ABI/resource contract	Mutable C socket argument union must retain its ABI; callers/OS control output initialization and lengths.
src/shared/socket.rs	__SOCKADDR_ARG	__sockaddr_inarp__	Excluded; external ABI/resource contract	Mutable C socket argument union must retain its ABI; callers/OS control output initialization and lengths.
src/shared/socket.rs	__SOCKADDR_ARG	__sockaddr_ipx__	Excluded; external ABI/resource contract	Mutable C socket argument union must retain its ABI; callers/OS control output initialization and lengths.
src/shared/socket.rs	__SOCKADDR_ARG	__sockaddr_iso__	Excluded; external ABI/resource contract	Mutable C socket argument union must retain its ABI; callers/OS control output initialization and lengths.
src/shared/socket.rs	__SOCKADDR_ARG	__sockaddr_ns__	Excluded; external ABI/resource contract	Mutable C socket argument union must retain its ABI; callers/OS control output initialization and lengths.
src/shared/socket.rs	__SOCKADDR_ARG	__sockaddr_un__	Excluded; external ABI/resource contract	Mutable C socket argument union must retain its ABI; callers/OS control output initialization and lengths.
src/shared/socket.rs	__SOCKADDR_ARG	__sockaddr_x25__	Excluded; external ABI/resource contract	Mutable C socket argument union must retain its ABI; callers/OS control output initialization and lengths.
src/shared/spawn.rs	spawn_context	item	Skip; split owned input from mutable model context	The local context looks bounded, but spawn_window/spawn_pane may destroy/reparent its model/layout targets; name/cwd come from raw args/model storage. Prove those source borrows survive spawn callbacks before storing references.
src/shared/spawn.rs	spawn_context	s	Skip; split owned input from mutable model context	The local context looks bounded, but spawn_window/spawn_pane may destroy/reparent its model/layout targets; name/cwd come from raw args/model storage. Prove those source borrows survive spawn callbacks before storing references.
src/shared/spawn.rs	spawn_context	wl	Skip; split owned input from mutable model context	The local context looks bounded, but spawn_window/spawn_pane may destroy/reparent its model/layout targets; name/cwd come from raw args/model storage. Prove those source borrows survive spawn callbacks before storing references.
src/shared/spawn.rs	spawn_context	tc	Skip; split owned input from mutable model context	The local context looks bounded, but spawn_window/spawn_pane may destroy/reparent its model/layout targets; name/cwd come from raw args/model storage. Prove those source borrows survive spawn callbacks before storing references.
src/shared/spawn.rs	spawn_context	wp0	Skip; split owned input from mutable model context	The local context looks bounded, but spawn_window/spawn_pane may destroy/reparent its model/layout targets; name/cwd come from raw args/model storage. Prove those source borrows survive spawn callbacks before storing references.
src/shared/spawn.rs	spawn_context	lc	Skip; split owned input from mutable model context	The local context looks bounded, but spawn_window/spawn_pane may destroy/reparent its model/layout targets; name/cwd come from raw args/model storage. Prove those source borrows survive spawn callbacks before storing references.
src/shared/spawn.rs	spawn_context	name	Skip; split owned input from mutable model context	The local context looks bounded, but spawn_window/spawn_pane may destroy/reparent its model/layout targets; name/cwd come from raw args/model storage. Prove those source borrows survive spawn callbacks before storing references.
src/shared/spawn.rs	spawn_context	cwd	Skip; split owned input from mutable model context	The local context looks bounded, but spawn_window/spawn_pane may destroy/reparent its model/layout targets; name/cwd come from raw args/model storage. Prove those source borrows survive spawn callbacks before storing references.
src/shared/stdio.rs	_IO_FILE	_IO_read_ptr	Excluded; external ABI/resource contract	All listed fields belong to libc FILE layout and buffering/locking/allocation. Rust must not own those pointers as Boxes or assert reference validity for inactive buffer slots.
src/shared/stdio.rs	_IO_FILE	_IO_read_end	Excluded; external ABI/resource contract	All listed fields belong to libc FILE layout and buffering/locking/allocation. Rust must not own those pointers as Boxes or assert reference validity for inactive buffer slots.
src/shared/stdio.rs	_IO_FILE	_IO_read_base	Excluded; external ABI/resource contract	All listed fields belong to libc FILE layout and buffering/locking/allocation. Rust must not own those pointers as Boxes or assert reference validity for inactive buffer slots.
src/shared/stdio.rs	_IO_FILE	_IO_write_base	Excluded; external ABI/resource contract	All listed fields belong to libc FILE layout and buffering/locking/allocation. Rust must not own those pointers as Boxes or assert reference validity for inactive buffer slots.
src/shared/stdio.rs	_IO_FILE	_IO_write_ptr	Excluded; external ABI/resource contract	All listed fields belong to libc FILE layout and buffering/locking/allocation. Rust must not own those pointers as Boxes or assert reference validity for inactive buffer slots.
src/shared/stdio.rs	_IO_FILE	_IO_write_end	Excluded; external ABI/resource contract	All listed fields belong to libc FILE layout and buffering/locking/allocation. Rust must not own those pointers as Boxes or assert reference validity for inactive buffer slots.
src/shared/stdio.rs	_IO_FILE	_IO_buf_base	Excluded; external ABI/resource contract	All listed fields belong to libc FILE layout and buffering/locking/allocation. Rust must not own those pointers as Boxes or assert reference validity for inactive buffer slots.
src/shared/stdio.rs	_IO_FILE	_IO_buf_end	Excluded; external ABI/resource contract	All listed fields belong to libc FILE layout and buffering/locking/allocation. Rust must not own those pointers as Boxes or assert reference validity for inactive buffer slots.
src/shared/stdio.rs	_IO_FILE	_IO_save_base	Excluded; external ABI/resource contract	All listed fields belong to libc FILE layout and buffering/locking/allocation. Rust must not own those pointers as Boxes or assert reference validity for inactive buffer slots.
src/shared/stdio.rs	_IO_FILE	_IO_backup_base	Excluded; external ABI/resource contract	All listed fields belong to libc FILE layout and buffering/locking/allocation. Rust must not own those pointers as Boxes or assert reference validity for inactive buffer slots.
src/shared/stdio.rs	_IO_FILE	_IO_save_end	Excluded; external ABI/resource contract	All listed fields belong to libc FILE layout and buffering/locking/allocation. Rust must not own those pointers as Boxes or assert reference validity for inactive buffer slots.
src/shared/stdio.rs	_IO_FILE	_markers	Excluded; external ABI/resource contract	All listed fields belong to libc FILE layout and buffering/locking/allocation. Rust must not own those pointers as Boxes or assert reference validity for inactive buffer slots.
src/shared/stdio.rs	_IO_FILE	_chain	Excluded; external ABI/resource contract	All listed fields belong to libc FILE layout and buffering/locking/allocation. Rust must not own those pointers as Boxes or assert reference validity for inactive buffer slots.
src/shared/stdio.rs	_IO_FILE	_lock	Excluded; external ABI/resource contract	All listed fields belong to libc FILE layout and buffering/locking/allocation. Rust must not own those pointers as Boxes or assert reference validity for inactive buffer slots.
src/shared/stdio.rs	_IO_FILE	_codecvt	Excluded; external ABI/resource contract	All listed fields belong to libc FILE layout and buffering/locking/allocation. Rust must not own those pointers as Boxes or assert reference validity for inactive buffer slots.
src/shared/stdio.rs	_IO_FILE	_wide_data	Excluded; external ABI/resource contract	All listed fields belong to libc FILE layout and buffering/locking/allocation. Rust must not own those pointers as Boxes or assert reference validity for inactive buffer slots.
src/shared/stdio.rs	_IO_FILE	_freeres_list	Excluded; external ABI/resource contract	All listed fields belong to libc FILE layout and buffering/locking/allocation. Rust must not own those pointers as Boxes or assert reference validity for inactive buffer slots.
src/shared/stdio.rs	_IO_FILE	_freeres_buf	Excluded; external ABI/resource contract	All listed fields belong to libc FILE layout and buffering/locking/allocation. Rust must not own those pointers as Boxes or assert reference validity for inactive buffer slots.
src/shared/stdio.rs	_IO_FILE	_prevchain	Excluded; external ABI/resource contract	All listed fields belong to libc FILE layout and buffering/locking/allocation. Rust must not own those pointers as Boxes or assert reference validity for inactive buffer slots.
src/shared/terminal.rs	termtype	term_names	Excluded; external ABI/resource contract	ncurses owns terminal strings/capability arrays and del_curterm releases them; retain the foreign layout and allocator protocol.
src/shared/terminal.rs	termtype	str_table	Excluded; external ABI/resource contract	ncurses owns terminal strings/capability arrays and del_curterm releases them; retain the foreign layout and allocator protocol.
src/shared/terminal.rs	termtype	Booleans	Excluded; external ABI/resource contract	ncurses owns terminal strings/capability arrays and del_curterm releases them; retain the foreign layout and allocator protocol.
src/shared/terminal.rs	termtype	Numbers	Excluded; external ABI/resource contract	ncurses owns terminal strings/capability arrays and del_curterm releases them; retain the foreign layout and allocator protocol.
src/shared/terminal.rs	termtype	Strings	Excluded; external ABI/resource contract	ncurses owns terminal strings/capability arrays and del_curterm releases them; retain the foreign layout and allocator protocol.
src/shared/terminal.rs	termtype	ext_str_table	Excluded; external ABI/resource contract	ncurses owns terminal strings/capability arrays and del_curterm releases them; retain the foreign layout and allocator protocol.
src/shared/terminal.rs	termtype	ext_Names	Excluded; external ABI/resource contract	ncurses owns terminal strings/capability arrays and del_curterm releases them; retain the foreign layout and allocator protocol.
src/shared/time.rs	tm	tm_zone	Excluded; external ABI/resource contract	localtime_r/strftime use libc-managed zone pointers; representation is a foreign ABI record, not a Rust-owned string.
src/shared/tty.rs	tty	client	Skip; enclosing client observer	TTY is embedded in the client. Its client back-pointer participates in mutable input/output and teardown; a persistent reference would self-borrow the enclosing owner.
src/shared/tty.rs	tty	term	Migrated: Option<Box<tty_term>>	tty_term_create returns its Box after validation; Drop unlinks the same stable allocation from the terminal registry. Failure and out-of-order terminal destruction preserve registry links.
src/shared/tty.rs	tty_term	tty	Skip; TTY back-pointer	TTY owns the term lifecycle; tty points back to mutable enclosing state used during feature changes and teardown.
src/shared/tty.rs	tty_term_entry	le_next	Skip; intrusive-list identities	le_prev points into another record/head slot. Terminal creation/failure/free mutates these links; they are not independent owners or enduring references.
src/shared/tty.rs	tty_term_entry	le_prev	Skip; intrusive-list identities	le_prev points into another record/head slot. Terminal creation/failure/free mutates these links; they are not independent owners or enduring references.
src/shared/tty.rs	tty_style_ctx	palette	Skip; palette identity	Style contexts may observe a pane palette or popup snapshot through callbacks. The context lifetime alone does not establish the source palette borrow; preserve nested palette updates.
src/shared/tty.rs	tty_terms	lh_first	Skip; terminal registry identity	Head indexes terminal records owned through TTY create/free paths. A Box here would conflict with that ownership.
src/shared/window.rs	winlink	session	Skip; session/window model identities	A session map owns the RefBox winlink; session is its parent, window is independently retained and can be relinked. These cannot borrow the session owner for the winlink lifetime.
src/shared/window.rs	winlink	window	Migrated: Option<WindowOwner> (window_owner)	Production links retain Rc-owned windows; swap paths now move owners without changing counts. Explicit removal preserves field visibility through the last-close notification, then detaches/releases the owner. Removed tests installing stack-owned or unretained windows; a regression verifies close callbacks can inspect the link and retain its window.
src/shared/window.rs	window	latest	Skip; client/pane identities	latest is a client identity; active/modal/modal_last/was_zoomed track mutable pane selection and zoom state. Panes are independently retained/movable; no enduring reference is certified.
src/shared/window.rs	window	active	Skip; client/pane identities	latest is a client identity; active/modal/modal_last/was_zoomed track mutable pane selection and zoom state. Panes are independently retained/movable; no enduring reference is certified.
src/shared/window.rs	window	modal	Skip; client/pane identities	latest is a client identity; active/modal/modal_last/was_zoomed track mutable pane selection and zoom state. Panes are independently retained/movable; no enduring reference is certified.
src/shared/window.rs	window	modal_last	Skip; client/pane identities	latest is a client identity; active/modal/modal_last/was_zoomed track mutable pane selection and zoom state. Panes are independently retained/movable; no enduring reference is certified.
src/shared/window.rs	window	was_zoomed	Skip; client/pane identities	latest is a client identity; active/modal/modal_last/was_zoomed track mutable pane selection and zoom state. Panes are independently retained/movable; no enduring reference is certified.
src/shared/window.rs	window	options	Migrated: Option<Box<options>>	window_create uses options_create_owned; window_destroy drops it after panes and timers, preserving the original cleanup order.
src/shared/window.rs	window_entry	owner	Skip; weak nonowning window index	Weak traversal observes a map that owns no window reference. Window destruction removes its own entry. Changing values to strong Rc owners would keep windows alive and prevent the original last-reference cleanup.
src/shared/window.rs	WindowWinlinksStorage	ordered	Skip; nonowning RefBox winlink identities	Both containers index session-owned winlinks. They must survive session-index insertion/removal and cross-window relinking without holding a session-map borrow.
src/shared/window.rs	WindowWinlinksStorage	positions	Skip; nonowning RefBox winlink identities	Both containers index session-owned winlinks. They must survive session-index insertion/removal and cross-window relinking without holding a session-map borrow.
src/shared/window.rs	window_mode_entry	wp	Skip; model observer	The pane owns the mode list; this back-pointer cannot borrow its owner across reset/removal and callbacks.
src/shared/window.rs	window_mode_entry	swp	Skip; model observer	The source pane is independently owned and may change or be removed while the mode persists; mode lifetime does not guarantee a source-pane borrow.
src/shared/window.rs	window_mode_entry	mode	Migrated: &'static window_mode	Every caller passes one of nine immutable static mode descriptors. Descriptor identity uses ptr::eq; no pane or payload owner is borrowed.
src/shared/window.rs	window_mode_entry	data	Skip; heterogeneous mode payload ownership	Mode callbacks interpret this erased address as different concrete payloads, including Box, RefBox and already-retained state. Their reset/action callbacks have different liveness contracts; neither one Box type nor a persistent borrow preserves all existing ownership rules.
src/shared/window.rs	window_mode_entry	screen	Skip; model observer	Points into mode-owned screens and is replaced when modes reset. A reference stored alongside its owning payload would self-borrow that payload.
src/shared/window.rs	window_mode	default_format	Migrated: Option<&'static CStr>	Every initializer is None or an immutable literal-backed format constant. Optional state retains the former null meaning.
src/shared/window.rs	winlink_stack	reserved	Skip; reserved slot	Always-null legacy reserved slot. The actual queue storage already has a typed owner.
src/shared/window.rs	windows	storage	Skip; nonowning window index	The map indexes windows without acquiring an independent strong reference. Final window destruction removes its entry; making entries strong Rc owners would prevent that final destruction, and Boxes would conflict with existing retained references.
src/tty_term.rs	CurrentTerminalOwner	0	Excluded; external ABI/resource contract	Drop calls del_curterm; the pointer originates from ncurses, not Box::into_raw. Keep the foreign deleter contract.
src/window_buffer.rs	window_buffer_modedata	wp	Skip; pane/mode-tree/editor handles	Mode owns this record; pane is an enclosing observer, mode-tree data follows existing Rc retain/free, editor completion is pane-owned and asynchronous.
src/window_buffer.rs	window_buffer_modedata	data	Skip; mode-tree logical close protocol	mode_tree_start supplies an Rc-backed tree, but mode_tree_free first unzooms the pane, clears prompts/rows/screens and marks the tree dead before releasing it. Prompt references may survive logical close. Plain Rc drop cannot replace this operation; automatic fallback teardown and reentrant mode reset need a separate lifetime proof before introducing an owner wrapper.
src/window_buffer.rs	window_buffer_modedata	editor	Skip; pane/mode-tree/editor handles	Mode owns this record; pane is an enclosing observer, mode-tree data follows existing Rc retain/free, editor completion is pane-owned and asynchronous.
src/window_client.rs	window_client_modedata	wp	Skip; pane observer / retained mode-tree handle	wp points to the enclosing pane; data uses existing mode_tree_start/free Rc ownership across prompts and callbacks.
src/window_client.rs	window_client_modedata	data	Skip; mode-tree logical close protocol	mode_tree_start supplies an Rc-backed tree, but mode_tree_free first unzooms the pane, clears prompts/rows/screens and marks the tree dead before releasing it. Prompt references may survive logical close. Plain Rc drop cannot replace this operation; automatic fallback teardown and reentrant mode reset need a separate lifetime proof before introducing an owner wrapper.
src/window_copy.rs	window_copy_mode_data	ictx	Migrated: Option<Box<input_ctx>>	Only view-mode init constructs it; mode free takes/drops it before backing/visible screens. Parser Drop cancels timer/request registrations.
src/window_copy.rs	window_copy_mode_data	separators	Skip; option-string observer	separators points into an option-owned CString and persists in mode state. Option replacement can invalidate it; a static reference is invalid, while copying would change refresh semantics and needs a separate behavior decision.
src/window_copy.rs	window_copy_cmd_state	wme	Skip; dispatch-scoped candidates	Command callbacks may clear mode data or change sessions; wme/args/m/c/s/wl are reused by such callbacks. A bounded stack lifetime alone does not prove they all remain alive and unaliased.
src/window_copy.rs	window_copy_cmd_state	args	Skip; dispatch-scoped candidates	Command callbacks may clear mode data or change sessions; wme/args/m/c/s/wl are reused by such callbacks. A bounded stack lifetime alone does not prove they all remain alive and unaliased.
src/window_copy.rs	window_copy_cmd_state	m	Skip; dispatch-scoped candidates	Command callbacks may clear mode data or change sessions; wme/args/m/c/s/wl are reused by such callbacks. A bounded stack lifetime alone does not prove they all remain alive and unaliased.
src/window_copy.rs	window_copy_cmd_state	c	Skip; dispatch-scoped candidates	Command callbacks may clear mode data or change sessions; wme/args/m/c/s/wl are reused by such callbacks. A bounded stack lifetime alone does not prove they all remain alive and unaliased.
src/window_copy.rs	window_copy_cmd_state	s	Skip; dispatch-scoped candidates	Command callbacks may clear mode data or change sessions; wme/args/m/c/s/wl are reused by such callbacks. A bounded stack lifetime alone does not prove they all remain alive and unaliased.
src/window_copy.rs	window_copy_cmd_state	wl	Skip; dispatch-scoped candidates	Command callbacks may clear mode data or change sessions; wme/args/m/c/s/wl are reused by such callbacks. A bounded stack lifetime alone does not prove they all remain alive and unaliased.
src/window_copy.rs	C2RustUnnamed_46	command	Migrated: &'static CStr	All copy-mode command descriptor names are C literals, consumed synchronously by table lookup.
src/window_copy.rs	ScreenOptions	0	Skip; saved global identity	This tuple field saves the previous global_options address for restoration. It does not own that previous root. Drop frees the separately installed current root and restores this pointer; Box here would incorrectly consume the previous owner.
src/window_customize.rs	window_customize_modedata	wp	Skip; pane/mode-tree/editor handles	The mode owns the record, while pane, retained mode-tree and pane-owned editor have separate lifecycles; editor callbacks may outlive current rows.
src/window_customize.rs	window_customize_modedata	data	Skip; mode-tree logical close protocol	mode_tree_start supplies an Rc-backed tree, but mode_tree_free first unzooms the pane, clears prompts/rows/screens and marks the tree dead before releasing it. Prompt references may survive logical close. Plain Rc drop cannot replace this operation; automatic fallback teardown and reentrant mode reset need a separate lifetime proof before introducing an owner wrapper.
src/window_customize.rs	window_customize_modedata	editor	Skip; pane/mode-tree/editor handles	The mode owns the record, while pane, retained mode-tree and pane-owned editor have separate lifecycles; editor callbacks may outlive current rows.
src/window_customize.rs	window_customize_itemdata	oo	Skip; options identity	The row does not own oo; mode actions can change options/session/window state or rebuild rows. Resolve a live source owner before borrowing options.
src/window_panes.rs	window_panes_modedata	wp	Skip; enclosing pane / selected session observer	The pane owns this mode payload. Its selected-session pointer is assigned from command context without a matching session_add_ref/session_remove_ref pair. Neither field owns the target, and callbacks may reset the mode or change session/window membership; no persistent model borrow is justified.
src/window_panes.rs	window_panes_modedata	session	Skip; enclosing pane / selected session observer	The pane owns this mode payload. Its selected-session pointer is assigned from command context without a matching session_add_ref/session_remove_ref pair. Neither field owns the target, and callbacks may reset the mode or change session/window membership; no persistent model borrow is justified.
src/window_switch.rs	window_switch_modedata	wp	Skip; enclosing pane observer	The pane owns this mode payload. Mode reset and pane callbacks may mutate or destroy that owner; storing a pane reference would borrow the enclosing owner for the payload lifetime.
src/window_switch.rs	window_switch_modedata	matches	Migrated: Vec<usize>	Matches index the mode-owned row list. Rebuild clears matches before replacing rows, computes scores under a bounded slice borrow, and sorts indices. Draw/execute resolve indices only against the current list; no self-borrow or additional owner is stored.
src/window_tree.rs	window_tree_modedata	wp	Skip; pane observer / retained mode-tree	The pane owns mode lifecycle and mode-tree data is already reference-counted; callbacks can reset/rebuild them. Neither field is a new sole Box owner.
src/window_tree.rs	window_tree_modedata	data	Skip; mode-tree logical close protocol	mode_tree_start supplies an Rc-backed tree, but mode_tree_free first unzooms the pane, clears prompts/rows/screens and marks the tree dead before releasing it. Prompt references may survive logical close. Plain Rc drop cannot replace this operation; automatic fallback teardown and reentrant mode reset need a separate lifetime proof before introducing an owner wrapper.
tests/events_sink_owner.rs	State	first	Removed; offending test deleted	Deleted the integration test and its State record as requested; these raw callback fields no longer exist.
tests/events_sink_owner.rs	State	second	Removed; offending test deleted	Deleted the integration test and its State record as requested; these raw callback fields no longer exist.
tests/events_sink_owner.rs	State	later	Removed; offending test deleted	Deleted the integration test and its State record as requested; these raw callback fields no longer exist.
