symbol	provider	kind
BSDgetopt	src/compat/getopt_long.rs	unsafe extern "C" fn
BSDoptarg	src/compat/getopt_long.rs	static mut
BSDopterr	src/compat/getopt_long.rs	static mut
BSDoptind	src/compat/getopt_long.rs	static mut
BSDoptopt	src/compat/getopt_long.rs	static mut
BSDoptreset	src/compat/getopt_long.rs	static mut
alerts_check_session	src/alerts.rs	unsafe extern "C" fn
alerts_queue	src/alerts.rs	unsafe extern "C" fn
alerts_reset_all	src/alerts.rs	unsafe extern "C" fn
all_window_panes	src/window.rs	static mut
args_copy	src/arguments.rs	unsafe extern "C" fn
args_count	src/arguments.rs	unsafe extern "C" fn
args_create	src/arguments.rs	unsafe extern "C" fn
args_escape	src/arguments.rs	unsafe extern "C" fn
args_first	src/arguments.rs	unsafe extern "C" fn
args_first_value	src/arguments.rs	unsafe extern "C" fn
args_free	src/arguments.rs	unsafe extern "C" fn
args_free_value	src/arguments.rs	unsafe extern "C" fn
args_free_values	src/arguments.rs	unsafe extern "C" fn
args_from_vector	src/arguments.rs	unsafe extern "C" fn
args_get	src/arguments.rs	unsafe extern "C" fn
args_has	src/arguments.rs	unsafe extern "C" fn
args_make_commands	src/arguments.rs	unsafe extern "C" fn
args_make_commands_free	src/arguments.rs	unsafe extern "C" fn
args_make_commands_get_command	src/arguments.rs	unsafe extern "C" fn
args_make_commands_now	src/arguments.rs	unsafe extern "C" fn
args_make_commands_prepare	src/arguments.rs	unsafe extern "C" fn
args_next	src/arguments.rs	unsafe extern "C" fn
args_next_value	src/arguments.rs	unsafe extern "C" fn
args_parse	src/arguments.rs	unsafe extern "C" fn
args_percentage	src/arguments.rs	unsafe extern "C" fn
args_percentage_and_expand	src/arguments.rs	unsafe extern "C" fn
args_print	src/arguments.rs	unsafe extern "C" fn
args_set	src/arguments.rs	unsafe extern "C" fn
args_string	src/arguments.rs	unsafe extern "C" fn
args_string_percentage	src/arguments.rs	unsafe extern "C" fn
args_string_percentage_and_expand	src/arguments.rs	unsafe extern "C" fn
args_strtonum	src/arguments.rs	unsafe extern "C" fn
args_strtonum_and_expand	src/arguments.rs	unsafe extern "C" fn
args_to_vector	src/arguments.rs	unsafe extern "C" fn
args_value	src/arguments.rs	unsafe extern "C" fn
args_values	src/arguments.rs	unsafe extern "C" fn
attributes_fromstring	src/attributes.rs	unsafe extern "C" fn
attributes_tostring	src/attributes.rs	unsafe extern "C" fn
cfg_add_cause	src/cfg.rs	unsafe extern "C" fn
cfg_client	src/cfg.rs	static mut
cfg_files	src/cfg.rs	static mut
cfg_finished	src/cfg.rs	static mut
cfg_nfiles	src/cfg.rs	static mut
cfg_print_causes	src/cfg.rs	unsafe extern "C" fn
cfg_quiet	src/cfg.rs	static mut
cfg_show_causes	src/cfg.rs	unsafe extern "C" fn
check_name	src/tmux.rs	unsafe extern "C" fn
check_window_name	src/names.rs	unsafe extern "C" fn
checkshell	src/tmux.rs	unsafe extern "C" fn
clean_name	src/tmux.rs	unsafe extern "C" fn
client_files_RB_FIND	src/file.rs	unsafe extern "C" fn
client_files_RB_INSERT	src/file.rs	unsafe extern "C" fn
client_files_RB_INSERT_COLOR	src/file.rs	unsafe extern "C" fn
client_files_RB_MINMAX	src/file.rs	unsafe extern "C" fn
client_files_RB_NEXT	src/file.rs	unsafe extern "C" fn
client_files_RB_NFIND	src/file.rs	unsafe extern "C" fn
client_files_RB_PREV	src/file.rs	unsafe extern "C" fn
client_files_RB_REMOVE	src/file.rs	unsafe extern "C" fn
client_files_RB_REMOVE_COLOR	src/file.rs	unsafe extern "C" fn
client_main	src/client.rs	unsafe extern "C" fn
clients	src/server.rs	static mut
cmd_append_argv	src/cmd.rs	unsafe extern "C" fn
cmd_attach_session	src/cmd_attach_session.rs	unsafe extern "C" fn
cmd_attach_session_entry	src/cmd_attach_session.rs	static mut
cmd_bind_key_entry	src/cmd_bind_key.rs	static mut
cmd_break_pane_entry	src/cmd_break_pane.rs	static mut
cmd_capture_pane_entry	src/cmd_capture_pane.rs	static mut
cmd_choose_buffer_entry	src/cmd_choose_tree.rs	static mut
cmd_choose_client_entry	src/cmd_choose_tree.rs	static mut
cmd_choose_tree_entry	src/cmd_choose_tree.rs	static mut
cmd_clear_history_entry	src/cmd_capture_pane.rs	static mut
cmd_clear_prompt_history_entry	src/cmd_show_prompt_history.rs	static mut
cmd_clock_mode_entry	src/cmd_copy_mode.rs	static mut
cmd_command_prompt_entry	src/cmd_command_prompt.rs	static mut
cmd_confirm_before_entry	src/cmd_confirm_before.rs	static mut
cmd_copy	src/cmd.rs	unsafe extern "C" fn
cmd_copy_argv	src/cmd.rs	unsafe extern "C" fn
cmd_copy_mode_entry	src/cmd_copy_mode.rs	static mut
cmd_customize_mode_entry	src/cmd_choose_tree.rs	static mut
cmd_delete_buffer_entry	src/cmd_set_buffer.rs	static mut
cmd_detach_client_entry	src/cmd_detach_client.rs	static mut
cmd_display_menu_entry	src/cmd_display_menu.rs	static mut
cmd_display_message_entry	src/cmd_display_message.rs	static mut
cmd_display_panes_entry	src/cmd_choose_tree.rs	static mut
cmd_display_popup_entry	src/cmd_display_menu.rs	static mut
cmd_find	src/cmd.rs	unsafe extern "C" fn
cmd_find_best_client	src/cmd_find.rs	unsafe extern "C" fn
cmd_find_clear_state	src/cmd_find.rs	unsafe extern "C" fn
cmd_find_client	src/cmd_find.rs	unsafe extern "C" fn
cmd_find_copy_state	src/cmd_find.rs	unsafe extern "C" fn
cmd_find_empty_state	src/cmd_find.rs	unsafe extern "C" fn
cmd_find_from_client	src/cmd_find.rs	unsafe extern "C" fn
cmd_find_from_mouse	src/cmd_find.rs	unsafe extern "C" fn
cmd_find_from_nothing	src/cmd_find.rs	unsafe extern "C" fn
cmd_find_from_pane	src/cmd_find.rs	unsafe extern "C" fn
cmd_find_from_session	src/cmd_find.rs	unsafe extern "C" fn
cmd_find_from_session_window	src/cmd_find.rs	unsafe extern "C" fn
cmd_find_from_window	src/cmd_find.rs	unsafe extern "C" fn
cmd_find_from_winlink	src/cmd_find.rs	unsafe extern "C" fn
cmd_find_from_winlink_pane	src/cmd_find.rs	unsafe extern "C" fn
cmd_find_target	src/cmd_find.rs	unsafe extern "C" fn
cmd_find_valid_state	src/cmd_find.rs	unsafe extern "C" fn
cmd_find_window_entry	src/cmd_find_window.rs	static mut
cmd_free	src/cmd.rs	unsafe extern "C" fn
cmd_free_argv	src/cmd.rs	unsafe extern "C" fn
cmd_get_alias	src/cmd.rs	unsafe extern "C" fn
cmd_get_args	src/cmd.rs	unsafe extern "C" fn
cmd_get_entry	src/cmd.rs	unsafe extern "C" fn
cmd_get_group	src/cmd.rs	unsafe extern "C" fn
cmd_get_parse_flags	src/cmd.rs	unsafe extern "C" fn
cmd_get_source	src/cmd.rs	unsafe extern "C" fn
cmd_has_session_entry	src/cmd_new_session.rs	static mut
cmd_if_shell_entry	src/cmd_if_shell.rs	static mut
cmd_join_pane_entry	src/cmd_join_pane.rs	static mut
cmd_kill_pane_entry	src/cmd_kill_pane.rs	static mut
cmd_kill_server_entry	src/cmd_kill_server.rs	static mut
cmd_kill_session_entry	src/cmd_kill_session.rs	static mut
cmd_kill_window_entry	src/cmd_kill_window.rs	static mut
cmd_last_pane_entry	src/cmd_select_pane.rs	static mut
cmd_last_window_entry	src/cmd_select_window.rs	static mut
cmd_link_window_entry	src/cmd_move_window.rs	static mut
cmd_list_all_have	src/cmd.rs	unsafe extern "C" fn
cmd_list_any_have	src/cmd.rs	unsafe extern "C" fn
cmd_list_append	src/cmd.rs	unsafe extern "C" fn
cmd_list_append_all	src/cmd.rs	unsafe extern "C" fn
cmd_list_buffers_entry	src/cmd_list_buffers.rs	static mut
cmd_list_clients_entry	src/cmd_list_clients.rs	static mut
cmd_list_commands_entry	src/cmd_list_commands.rs	static mut
cmd_list_copy	src/cmd.rs	unsafe extern "C" fn
cmd_list_first	src/cmd.rs	unsafe extern "C" fn
cmd_list_free	src/cmd.rs	unsafe extern "C" fn
cmd_list_keys_entry	src/cmd_list_keys.rs	static mut
cmd_list_move	src/cmd.rs	unsafe extern "C" fn
cmd_list_new	src/cmd.rs	unsafe extern "C" fn
cmd_list_next	src/cmd.rs	unsafe extern "C" fn
cmd_list_panes_entry	src/cmd_list_panes.rs	static mut
cmd_list_print	src/cmd.rs	unsafe extern "C" fn
cmd_list_sessions_entry	src/cmd_list_sessions.rs	static mut
cmd_list_windows_entry	src/cmd_list_windows.rs	static mut
cmd_load_buffer_entry	src/cmd_load_buffer.rs	static mut
cmd_lock_client_entry	src/cmd_lock_server.rs	static mut
cmd_lock_server_entry	src/cmd_lock_server.rs	static mut
cmd_lock_session_entry	src/cmd_lock_server.rs	static mut
cmd_log_argv	src/cmd.rs	unsafe extern "C" fn
cmd_mouse_at	src/cmd.rs	unsafe extern "C" fn
cmd_mouse_pane	src/cmd.rs	unsafe extern "C" fn
cmd_mouse_window	src/cmd.rs	unsafe extern "C" fn
cmd_move_pane_entry	src/cmd_join_pane.rs	static mut
cmd_move_window_entry	src/cmd_move_window.rs	static mut
cmd_new_pane_entry	src/cmd_split_window.rs	static mut
cmd_new_session_entry	src/cmd_new_session.rs	static mut
cmd_new_window_entry	src/cmd_new_window.rs	static mut
cmd_next_layout_entry	src/cmd_select_layout.rs	static mut
cmd_next_window_entry	src/cmd_select_window.rs	static mut
cmd_pack_argv	src/cmd.rs	unsafe extern "C" fn
cmd_parse	src/cmd.rs	unsafe extern "C" fn
cmd_parse_and_append	src/cmd_parse.rs	unsafe extern "C" fn
cmd_parse_and_insert	src/cmd_parse.rs	unsafe extern "C" fn
cmd_parse_from_arguments	src/cmd_parse.rs	unsafe extern "C" fn
cmd_parse_from_buffer	src/cmd_parse.rs	unsafe extern "C" fn
cmd_parse_from_file	src/cmd_parse.rs	unsafe extern "C" fn
cmd_parse_from_string	src/cmd_parse.rs	unsafe extern "C" fn
cmd_paste_buffer_entry	src/cmd_paste_buffer.rs	static mut
cmd_pipe_pane_entry	src/cmd_pipe_pane.rs	static mut
cmd_prepend_argv	src/cmd.rs	unsafe extern "C" fn
cmd_previous_layout_entry	src/cmd_select_layout.rs	static mut
cmd_previous_window_entry	src/cmd_select_window.rs	static mut
cmd_print	src/cmd.rs	unsafe extern "C" fn
cmd_refresh_client_entry	src/cmd_refresh_client.rs	static mut
cmd_rename_session_entry	src/cmd_rename_session.rs	static mut
cmd_rename_window_entry	src/cmd_rename_window.rs	static mut
cmd_resize_pane_entry	src/cmd_resize_pane.rs	static mut
cmd_resize_window_entry	src/cmd_resize_window.rs	static mut
cmd_respawn_pane_entry	src/cmd_respawn_pane.rs	static mut
cmd_respawn_window_entry	src/cmd_respawn_window.rs	static mut
cmd_rotate_window_entry	src/cmd_rotate_window.rs	static mut
cmd_run_shell_entry	src/cmd_run_shell.rs	static mut
cmd_save_buffer_entry	src/cmd_save_buffer.rs	static mut
cmd_select_layout_entry	src/cmd_select_layout.rs	static mut
cmd_select_pane_entry	src/cmd_select_pane.rs	static mut
cmd_select_window_entry	src/cmd_select_window.rs	static mut
cmd_send_keys_entry	src/cmd_send_keys.rs	static mut
cmd_send_prefix_entry	src/cmd_send_keys.rs	static mut
cmd_server_access_entry	src/cmd_server_access.rs	static mut
cmd_set_buffer_entry	src/cmd_set_buffer.rs	static mut
cmd_set_environment_entry	src/cmd_set_environment.rs	static mut
cmd_set_hook_entry	src/cmd_set_option.rs	static mut
cmd_set_option_entry	src/cmd_set_option.rs	static mut
cmd_set_window_option_entry	src/cmd_set_option.rs	static mut
cmd_show_buffer_entry	src/cmd_save_buffer.rs	static mut
cmd_show_environment_entry	src/cmd_show_environment.rs	static mut
cmd_show_hooks_entry	src/cmd_show_options.rs	static mut
cmd_show_messages_entry	src/cmd_show_messages.rs	static mut
cmd_show_options_entry	src/cmd_show_options.rs	static mut
cmd_show_prompt_history_entry	src/cmd_show_prompt_history.rs	static mut
cmd_show_window_options_entry	src/cmd_show_options.rs	static mut
cmd_source_file_entry	src/cmd_source_file.rs	static mut
cmd_split_window_entry	src/cmd_split_window.rs	static mut
cmd_start_server_entry	src/cmd_kill_server.rs	static mut
cmd_stringify_argv	src/cmd.rs	unsafe extern "C" fn
cmd_suspend_client_entry	src/cmd_detach_client.rs	static mut
cmd_swap_pane_entry	src/cmd_swap_pane.rs	static mut
cmd_swap_window_entry	src/cmd_swap_window.rs	static mut
cmd_switch_client_entry	src/cmd_switch_client.rs	static mut
cmd_switch_mode_entry	src/cmd_choose_tree.rs	static mut
cmd_table	src/cmd.rs	static mut
cmd_template_replace	src/cmd.rs	unsafe extern "C" fn
cmd_unbind_key_entry	src/cmd_unbind_key.rs	static mut
cmd_unlink_window_entry	src/cmd_kill_window.rs	static mut
cmd_unpack_argv	src/cmd.rs	unsafe extern "C" fn
cmd_wait_for_entry	src/cmd_wait_for.rs	static mut
cmd_wait_for_flush	src/cmd_wait_for.rs	unsafe extern "C" fn
cmdq_add_format	src/cmd_queue.rs	unsafe extern "C" fn
cmdq_add_formats	src/cmd_queue.rs	unsafe extern "C" fn
cmdq_append	src/cmd_queue.rs	unsafe extern "C" fn
cmdq_continue	src/cmd_queue.rs	unsafe extern "C" fn
cmdq_copy_state	src/cmd_queue.rs	unsafe extern "C" fn
cmdq_error	src/cmd_queue.rs	unsafe extern "C" fn
cmdq_free	src/cmd_queue.rs	unsafe extern "C" fn
cmdq_free_state	src/cmd_queue.rs	unsafe extern "C" fn
cmdq_get_callback1	src/cmd_queue.rs	unsafe extern "C" fn
cmdq_get_client	src/cmd_queue.rs	unsafe extern "C" fn
cmdq_get_cmd	src/cmd_queue.rs	unsafe extern "C" fn
cmdq_get_command	src/cmd_queue.rs	unsafe extern "C" fn
cmdq_get_current	src/cmd_queue.rs	unsafe extern "C" fn
cmdq_get_error	src/cmd_queue.rs	unsafe extern "C" fn
cmdq_get_event	src/cmd_queue.rs	unsafe extern "C" fn
cmdq_get_flags	src/cmd_queue.rs	unsafe extern "C" fn
cmdq_get_name	src/cmd_queue.rs	unsafe extern "C" fn
cmdq_get_source	src/cmd_queue.rs	unsafe extern "C" fn
cmdq_get_state	src/cmd_queue.rs	unsafe extern "C" fn
cmdq_get_target	src/cmd_queue.rs	unsafe extern "C" fn
cmdq_get_target_client	src/cmd_queue.rs	unsafe extern "C" fn
cmdq_guard	src/cmd_queue.rs	unsafe extern "C" fn
cmdq_insert_after	src/cmd_queue.rs	unsafe extern "C" fn
cmdq_insert_hook	src/cmd_queue.rs	unsafe extern "C" fn
cmdq_link_state	src/cmd_queue.rs	unsafe extern "C" fn
cmdq_merge_formats	src/cmd_queue.rs	unsafe extern "C" fn
cmdq_new	src/cmd_queue.rs	unsafe extern "C" fn
cmdq_new_state	src/cmd_queue.rs	unsafe extern "C" fn
cmdq_next	src/cmd_queue.rs	unsafe extern "C" fn
cmdq_print	src/cmd_queue.rs	unsafe extern "C" fn
cmdq_print_data	src/cmd_queue.rs	unsafe extern "C" fn
cmdq_running	src/cmd_queue.rs	unsafe extern "C" fn
colour_256to16	src/colour.rs	unsafe extern "C" fn
colour_256toRGB	src/colour.rs	unsafe extern "C" fn
colour_byname	src/colour.rs	unsafe extern "C" fn
colour_dim	src/colour.rs	unsafe extern "C" fn
colour_find_rgb	src/colour.rs	unsafe extern "C" fn
colour_force_rgb	src/colour.rs	unsafe extern "C" fn
colour_fromstring	src/colour.rs	unsafe extern "C" fn
colour_join_rgb	src/colour.rs	unsafe extern "C" fn
colour_palette_clear	src/colour.rs	unsafe extern "C" fn
colour_palette_free	src/colour.rs	unsafe extern "C" fn
colour_palette_from_option	src/colour.rs	unsafe extern "C" fn
colour_palette_get	src/colour.rs	unsafe extern "C" fn
colour_palette_init	src/colour.rs	unsafe extern "C" fn
colour_palette_set	src/colour.rs	unsafe extern "C" fn
colour_parseX11	src/colour.rs	unsafe extern "C" fn
colour_split_rgb	src/colour.rs	unsafe extern "C" fn
colour_theme_option	src/colour.rs	unsafe extern "C" fn
colour_theme_terminal_colour	src/colour.rs	unsafe extern "C" fn
colour_toescape	src/colour.rs	unsafe extern "C" fn
colour_tostring	src/colour.rs	unsafe extern "C" fn
colour_totheme	src/colour.rs	unsafe extern "C" fn
control_add_sub	src/control.rs	unsafe extern "C" fn
control_all_done	src/control.rs	unsafe extern "C" fn
control_build_events	src/control_notify.rs	unsafe extern "C" fn
control_clear_window_size	src/control.rs	unsafe extern "C" fn
control_continue_pane	src/control.rs	unsafe extern "C" fn
control_discard	src/control.rs	unsafe extern "C" fn
control_discard_all	src/control.rs	unsafe extern "C" fn
control_get_window_size	src/control.rs	unsafe extern "C" fn
control_notify_write	src/control.rs	unsafe extern "C" fn
control_pane_offset	src/control.rs	unsafe extern "C" fn
control_pause_pane	src/control.rs	unsafe extern "C" fn
control_ready	src/control.rs	unsafe extern "C" fn
control_remove_sub	src/control.rs	unsafe extern "C" fn
control_reset_offsets	src/control.rs	unsafe extern "C" fn
control_reset_pane	src/control.rs	unsafe extern "C" fn
control_set_pane_off	src/control.rs	unsafe extern "C" fn
control_set_pane_on	src/control.rs	unsafe extern "C" fn
control_set_window_size	src/control.rs	unsafe extern "C" fn
control_start	src/control.rs	unsafe extern "C" fn
control_stop	src/control.rs	unsafe extern "C" fn
control_wait_exit	src/control.rs	unsafe extern "C" fn
control_write	src/control.rs	unsafe extern "C" fn
control_write_guard	src/control.rs	unsafe extern "C" fn
control_write_output	src/control.rs	unsafe extern "C" fn
current_time	src/server.rs	static mut
default_window_name	src/names.rs	unsafe extern "C" fn
default_window_size	src/resize.rs	unsafe extern "C" fn
environ_clear	src/environ.rs	unsafe extern "C" fn
environ_copy	src/environ.rs	unsafe extern "C" fn
environ_create	src/environ.rs	unsafe extern "C" fn
environ_find	src/environ.rs	unsafe extern "C" fn
environ_first	src/environ.rs	unsafe extern "C" fn
environ_for_session	src/environ.rs	unsafe extern "C" fn
environ_free	src/environ.rs	unsafe extern "C" fn
environ_log	src/environ.rs	unsafe extern "C" fn
environ_next	src/environ.rs	unsafe extern "C" fn
environ_push	src/environ.rs	unsafe extern "C" fn
environ_put	src/environ.rs	unsafe extern "C" fn
environ_set	src/environ.rs	unsafe extern "C" fn
environ_unset	src/environ.rs	unsafe extern "C" fn
environ_update	src/environ.rs	unsafe extern "C" fn
event_payload_add_formats	src/events_payload.rs	unsafe extern "C" fn
event_payload_create	src/events_payload.rs	unsafe extern "C" fn
event_payload_first	src/events_payload.rs	unsafe extern "C" fn
event_payload_free	src/events_payload.rs	unsafe extern "C" fn
event_payload_get_client	src/events_payload.rs	unsafe extern "C" fn
event_payload_get_int	src/events_payload.rs	unsafe extern "C" fn
event_payload_get_pane	src/events_payload.rs	unsafe extern "C" fn
event_payload_get_pointer	src/events_payload.rs	unsafe extern "C" fn
event_payload_get_session	src/events_payload.rs	unsafe extern "C" fn
event_payload_get_string	src/events_payload.rs	unsafe extern "C" fn
event_payload_get_target	src/events_payload.rs	unsafe extern "C" fn
event_payload_get_time	src/events_payload.rs	unsafe extern "C" fn
event_payload_get_uint	src/events_payload.rs	unsafe extern "C" fn
event_payload_get_window	src/events_payload.rs	unsafe extern "C" fn
event_payload_item_name	src/events_payload.rs	unsafe extern "C" fn
event_payload_item_print	src/events_payload.rs	unsafe extern "C" fn
event_payload_item_type	src/events_payload.rs	unsafe extern "C" fn
event_payload_log	src/events_payload.rs	unsafe extern "C" fn
event_payload_next	src/events_payload.rs	unsafe extern "C" fn
event_payload_print	src/events_payload.rs	unsafe extern "C" fn
event_payload_set_client	src/events_payload.rs	unsafe extern "C" fn
event_payload_set_int	src/events_payload.rs	unsafe extern "C" fn
event_payload_set_pane	src/events_payload.rs	unsafe extern "C" fn
event_payload_set_pointer	src/events_payload.rs	unsafe extern "C" fn
event_payload_set_session	src/events_payload.rs	unsafe extern "C" fn
event_payload_set_string	src/events_payload.rs	unsafe extern "C" fn
event_payload_set_target	src/events_payload.rs	unsafe extern "C" fn
event_payload_set_time	src/events_payload.rs	unsafe extern "C" fn
event_payload_set_uint	src/events_payload.rs	unsafe extern "C" fn
event_payload_set_window	src/events_payload.rs	unsafe extern "C" fn
events_add_sink	src/events.rs	unsafe extern "C" fn
events_fire	src/events.rs	unsafe extern "C" fn
events_fire_client	src/events.rs	unsafe extern "C" fn
events_fire_pane	src/events.rs	unsafe extern "C" fn
events_fire_session	src/events.rs	unsafe extern "C" fn
events_fire_window	src/events.rs	unsafe extern "C" fn
events_fire_winlink	src/events.rs	unsafe extern "C" fn
events_remove_sink	src/events.rs	unsafe extern "C" fn
fatal	src/log.rs	unsafe extern "C" fn
fatalx	src/log.rs	unsafe extern "C" fn
fdforkpty	src/compat/fdforkpty.rs	unsafe extern "C" fn
file_can_print	src/file.rs	unsafe extern "C" fn
file_cancel	src/file.rs	unsafe extern "C" fn
file_cmp	src/file.rs	unsafe extern "C" fn
file_create_with_client	src/file.rs	unsafe extern "C" fn
file_create_with_peer	src/file.rs	unsafe extern "C" fn
file_error	src/file.rs	unsafe extern "C" fn
file_fire_done	src/file.rs	unsafe extern "C" fn
file_fire_read	src/file.rs	unsafe extern "C" fn
file_free	src/file.rs	unsafe extern "C" fn
file_print	src/file.rs	unsafe extern "C" fn
file_print_buffer	src/file.rs	unsafe extern "C" fn
file_push	src/file.rs	unsafe extern "C" fn
file_read	src/file.rs	unsafe extern "C" fn
file_read_cancel	src/file.rs	unsafe extern "C" fn
file_read_data	src/file.rs	unsafe extern "C" fn
file_read_done	src/file.rs	unsafe extern "C" fn
file_read_open	src/file.rs	unsafe extern "C" fn
file_vprint	src/file.rs	unsafe extern "C" fn
file_write	src/file.rs	unsafe extern "C" fn
file_write_close	src/file.rs	unsafe extern "C" fn
file_write_data	src/file.rs	unsafe extern "C" fn
file_write_done	src/file.rs	unsafe extern "C" fn
file_write_left	src/file.rs	unsafe extern "C" fn
file_write_open	src/file.rs	unsafe extern "C" fn
file_write_ready	src/file.rs	unsafe extern "C" fn
find_cwd	src/tmux.rs	unsafe extern "C" fn
find_home	src/tmux.rs	unsafe extern "C" fn
format_add	src/format.rs	unsafe extern "C" fn
format_add_cb	src/format.rs	unsafe extern "C" fn
format_add_tv	src/format.rs	unsafe extern "C" fn
format_create	src/format.rs	unsafe extern "C" fn
format_create_defaults	src/format.rs	unsafe extern "C" fn
format_create_from_state	src/format.rs	unsafe extern "C" fn
format_create_from_target	src/format.rs	unsafe extern "C" fn
format_defaults	src/format.rs	unsafe extern "C" fn
format_defaults_pane	src/format.rs	unsafe extern "C" fn
format_defaults_paste_buffer	src/format.rs	unsafe extern "C" fn
format_defaults_window	src/format.rs	unsafe extern "C" fn
format_draw	src/format_draw.rs	unsafe extern "C" fn
format_each	src/format.rs	unsafe extern "C" fn
format_expand	src/format.rs	unsafe extern "C" fn
format_expand_time	src/format.rs	unsafe extern "C" fn
format_free	src/format.rs	unsafe extern "C" fn
format_get_pane	src/format.rs	unsafe extern "C" fn
format_grid_hyperlink	src/format.rs	unsafe extern "C" fn
format_grid_line	src/format.rs	unsafe extern "C" fn
format_grid_word	src/format.rs	unsafe extern "C" fn
format_log_debug	src/format.rs	unsafe extern "C" fn
format_lost_client	src/format.rs	unsafe extern "C" fn
format_merge	src/format.rs	unsafe extern "C" fn
format_pretty_time	src/format.rs	unsafe extern "C" fn
format_single	src/format.rs	unsafe extern "C" fn
format_single_from_state	src/format.rs	unsafe extern "C" fn
format_single_from_target	src/format.rs	unsafe extern "C" fn
format_skip	src/format.rs	unsafe extern "C" fn
format_tidy_jobs	src/format.rs	unsafe extern "C" fn
format_trim_left	src/format_draw.rs	unsafe extern "C" fn
format_trim_right	src/format_draw.rs	unsafe extern "C" fn
format_true	src/format.rs	unsafe extern "C" fn
format_width	src/format_draw.rs	unsafe extern "C" fn
freezero	src/compat/freezero.rs	unsafe extern "C" fn
fuzzy_match	src/fuzzy.rs	unsafe extern "C" fn
get_timer	src/tmux.rs	unsafe extern "C" fn
getdtablecount	src/compat/getdtablecount.rs	unsafe extern "C" fn
getpeereid	src/compat/getpeereid.rs	unsafe extern "C" fn
getprogname	src/compat/getprogname.rs	unsafe extern "C" fn
getptmfd	src/compat/fdforkpty.rs	unsafe extern "C" fn
getversion	src/tmux.rs	unsafe extern "C" fn
global_environ	src/tmux.rs	static mut
global_options	src/tmux.rs	static mut
global_s_options	src/tmux.rs	static mut
global_w_options	src/tmux.rs	static mut
grid_adjust_lines	src/grid.rs	unsafe extern "C" fn
grid_cell_attr_string	src/grid.rs	unsafe extern "C" fn
grid_cell_flags_string	src/grid.rs	unsafe extern "C" fn
grid_cells_equal	src/grid.rs	unsafe extern "C" fn
grid_cells_look_equal	src/grid.rs	unsafe extern "C" fn
grid_check_is_clear	src/grid.rs	unsafe extern "C" fn
grid_clear	src/grid.rs	unsafe extern "C" fn
grid_clear_history	src/grid.rs	unsafe extern "C" fn
grid_clear_lines	src/grid.rs	unsafe extern "C" fn
grid_collect_history	src/grid.rs	unsafe extern "C" fn
grid_compare	src/grid.rs	unsafe extern "C" fn
grid_create	src/grid.rs	unsafe extern "C" fn
grid_default_cell	src/grid.rs	static mut
grid_destroy	src/grid.rs	unsafe extern "C" fn
grid_duplicate_lines	src/grid.rs	unsafe extern "C" fn
grid_empty_line	src/grid.rs	unsafe extern "C" fn
grid_free_lines	src/grid.rs	unsafe extern "C" fn
grid_get_cell	src/grid.rs	unsafe extern "C" fn
grid_get_line	src/grid.rs	unsafe extern "C" fn
grid_in_set	src/grid.rs	unsafe extern "C" fn
grid_line_flags_string	src/grid.rs	unsafe extern "C" fn
grid_line_length	src/grid.rs	unsafe extern "C" fn
grid_line_limit	src/grid.rs	unsafe extern "C" fn
grid_line_time	src/grid.rs	unsafe extern "C" fn
grid_move_cells	src/grid.rs	unsafe extern "C" fn
grid_move_lines	src/grid.rs	unsafe extern "C" fn
grid_peek_line	src/grid.rs	unsafe extern "C" fn
grid_reader_cursor_back_to_indentation	src/grid_reader.rs	unsafe extern "C" fn
grid_reader_cursor_down	src/grid_reader.rs	unsafe extern "C" fn
grid_reader_cursor_end_of_line	src/grid_reader.rs	unsafe extern "C" fn
grid_reader_cursor_jump	src/grid_reader.rs	unsafe extern "C" fn
grid_reader_cursor_jump_back	src/grid_reader.rs	unsafe extern "C" fn
grid_reader_cursor_left	src/grid_reader.rs	unsafe extern "C" fn
grid_reader_cursor_next_word	src/grid_reader.rs	unsafe extern "C" fn
grid_reader_cursor_next_word_end	src/grid_reader.rs	unsafe extern "C" fn
grid_reader_cursor_previous_word	src/grid_reader.rs	unsafe extern "C" fn
grid_reader_cursor_right	src/grid_reader.rs	unsafe extern "C" fn
grid_reader_cursor_start_of_line	src/grid_reader.rs	unsafe extern "C" fn
grid_reader_cursor_up	src/grid_reader.rs	unsafe extern "C" fn
grid_reader_get_cursor	src/grid_reader.rs	unsafe extern "C" fn
grid_reader_in_set	src/grid_reader.rs	unsafe extern "C" fn
grid_reader_line_length	src/grid_reader.rs	unsafe extern "C" fn
grid_reader_start	src/grid_reader.rs	unsafe extern "C" fn
grid_reflow	src/grid.rs	unsafe extern "C" fn
grid_remove_history	src/grid.rs	unsafe extern "C" fn
grid_scroll_history	src/grid.rs	unsafe extern "C" fn
grid_scroll_history_region	src/grid.rs	unsafe extern "C" fn
grid_set_cell	src/grid.rs	unsafe extern "C" fn
grid_set_cells	src/grid.rs	unsafe extern "C" fn
grid_set_padding	src/grid.rs	unsafe extern "C" fn
grid_set_tab	src/grid.rs	unsafe extern "C" fn
grid_string_cells	src/grid.rs	unsafe extern "C" fn
grid_unwrap_position	src/grid.rs	unsafe extern "C" fn
grid_view_clear	src/grid_view.rs	unsafe extern "C" fn
grid_view_clear_history	src/grid_view.rs	unsafe extern "C" fn
grid_view_delete_cells	src/grid_view.rs	unsafe extern "C" fn
grid_view_delete_lines	src/grid_view.rs	unsafe extern "C" fn
grid_view_delete_lines_region	src/grid_view.rs	unsafe extern "C" fn
grid_view_get_cell	src/grid_view.rs	unsafe extern "C" fn
grid_view_insert_cells	src/grid_view.rs	unsafe extern "C" fn
grid_view_insert_lines	src/grid_view.rs	unsafe extern "C" fn
grid_view_insert_lines_region	src/grid_view.rs	unsafe extern "C" fn
grid_view_scroll_region_down	src/grid_view.rs	unsafe extern "C" fn
grid_view_scroll_region_up	src/grid_view.rs	unsafe extern "C" fn
grid_view_set_cell	src/grid_view.rs	unsafe extern "C" fn
grid_view_set_cells	src/grid_view.rs	unsafe extern "C" fn
grid_view_set_padding	src/grid_view.rs	unsafe extern "C" fn
grid_view_string_cells	src/grid_view.rs	unsafe extern "C" fn
grid_wrap_position	src/grid.rs	unsafe extern "C" fn
hanguljamo_check_state	src/utf8_combined.rs	unsafe extern "C" fn
hooks_add_event	src/hooks.rs	unsafe extern "C" fn
hooks_build_events	src/hooks.rs	unsafe extern "C" fn
hooks_is_event	src/hooks.rs	unsafe extern "C" fn
hooks_monitor_add	src/hooks.rs	unsafe extern "C" fn
hooks_monitor_free	src/hooks.rs	unsafe extern "C" fn
hooks_monitor_get	src/hooks.rs	unsafe extern "C" fn
hooks_monitor_get_fire_count	src/hooks.rs	unsafe extern "C" fn
hooks_monitor_get_fire_time	src/hooks.rs	unsafe extern "C" fn
hooks_monitor_remove	src/hooks.rs	unsafe extern "C" fn
hooks_monitor_to_string	src/hooks.rs	unsafe extern "C" fn
hooks_run	src/hooks.rs	unsafe extern "C" fn
hooks_valid_event_name	src/hooks.rs	unsafe extern "C" fn
htonll	src/compat/htonll.rs	unsafe extern "C" fn
hyperlinks_copy	src/hyperlinks.rs	unsafe extern "C" fn
hyperlinks_free	src/hyperlinks.rs	unsafe extern "C" fn
hyperlinks_get	src/hyperlinks.rs	unsafe extern "C" fn
hyperlinks_init	src/hyperlinks.rs	unsafe extern "C" fn
hyperlinks_put	src/hyperlinks.rs	unsafe extern "C" fn
hyperlinks_reset	src/hyperlinks.rs	unsafe extern "C" fn
ibuf_add	src/compat/imsg_buffer.rs	unsafe extern "C" fn
ibuf_add_h16	src/compat/imsg_buffer.rs	unsafe extern "C" fn
ibuf_add_h32	src/compat/imsg_buffer.rs	unsafe extern "C" fn
ibuf_add_h64	src/compat/imsg_buffer.rs	unsafe extern "C" fn
ibuf_add_ibuf	src/compat/imsg_buffer.rs	unsafe extern "C" fn
ibuf_add_n16	src/compat/imsg_buffer.rs	unsafe extern "C" fn
ibuf_add_n32	src/compat/imsg_buffer.rs	unsafe extern "C" fn
ibuf_add_n64	src/compat/imsg_buffer.rs	unsafe extern "C" fn
ibuf_add_n8	src/compat/imsg_buffer.rs	unsafe extern "C" fn
ibuf_add_strbuf	src/compat/imsg_buffer.rs	unsafe extern "C" fn
ibuf_add_zero	src/compat/imsg_buffer.rs	unsafe extern "C" fn
ibuf_close	src/compat/imsg_buffer.rs	unsafe extern "C" fn
ibuf_data	src/compat/imsg_buffer.rs	unsafe extern "C" fn
ibuf_dynamic	src/compat/imsg_buffer.rs	unsafe extern "C" fn
ibuf_fd_avail	src/compat/imsg_buffer.rs	unsafe extern "C" fn
ibuf_fd_get	src/compat/imsg_buffer.rs	unsafe extern "C" fn
ibuf_fd_set	src/compat/imsg_buffer.rs	unsafe extern "C" fn
ibuf_free	src/compat/imsg_buffer.rs	unsafe extern "C" fn
ibuf_from_buffer	src/compat/imsg_buffer.rs	unsafe extern "C" fn
ibuf_from_ibuf	src/compat/imsg_buffer.rs	unsafe extern "C" fn
ibuf_get	src/compat/imsg_buffer.rs	unsafe extern "C" fn
ibuf_get_h16	src/compat/imsg_buffer.rs	unsafe extern "C" fn
ibuf_get_h32	src/compat/imsg_buffer.rs	unsafe extern "C" fn
ibuf_get_h64	src/compat/imsg_buffer.rs	unsafe extern "C" fn
ibuf_get_ibuf	src/compat/imsg_buffer.rs	unsafe extern "C" fn
ibuf_get_n16	src/compat/imsg_buffer.rs	unsafe extern "C" fn
ibuf_get_n32	src/compat/imsg_buffer.rs	unsafe extern "C" fn
ibuf_get_n64	src/compat/imsg_buffer.rs	unsafe extern "C" fn
ibuf_get_n8	src/compat/imsg_buffer.rs	unsafe extern "C" fn
ibuf_get_strbuf	src/compat/imsg_buffer.rs	unsafe extern "C" fn
ibuf_get_string	src/compat/imsg_buffer.rs	unsafe extern "C" fn
ibuf_left	src/compat/imsg_buffer.rs	unsafe extern "C" fn
ibuf_open	src/compat/imsg_buffer.rs	unsafe extern "C" fn
ibuf_read	src/compat/imsg_buffer.rs	unsafe extern "C" fn
ibuf_reserve	src/compat/imsg_buffer.rs	unsafe extern "C" fn
ibuf_rewind	src/compat/imsg_buffer.rs	unsafe extern "C" fn
ibuf_seek	src/compat/imsg_buffer.rs	unsafe extern "C" fn
ibuf_set	src/compat/imsg_buffer.rs	unsafe extern "C" fn
ibuf_set_h16	src/compat/imsg_buffer.rs	unsafe extern "C" fn
ibuf_set_h32	src/compat/imsg_buffer.rs	unsafe extern "C" fn
ibuf_set_h64	src/compat/imsg_buffer.rs	unsafe extern "C" fn
ibuf_set_maxsize	src/compat/imsg_buffer.rs	unsafe extern "C" fn
ibuf_set_n16	src/compat/imsg_buffer.rs	unsafe extern "C" fn
ibuf_set_n32	src/compat/imsg_buffer.rs	unsafe extern "C" fn
ibuf_set_n64	src/compat/imsg_buffer.rs	unsafe extern "C" fn
ibuf_set_n8	src/compat/imsg_buffer.rs	unsafe extern "C" fn
ibuf_size	src/compat/imsg_buffer.rs	unsafe extern "C" fn
ibuf_skip	src/compat/imsg_buffer.rs	unsafe extern "C" fn
ibuf_truncate	src/compat/imsg_buffer.rs	unsafe extern "C" fn
ibuf_write	src/compat/imsg_buffer.rs	unsafe extern "C" fn
ibufq_concat	src/compat/imsg_buffer.rs	unsafe extern "C" fn
ibufq_flush	src/compat/imsg_buffer.rs	unsafe extern "C" fn
ibufq_free	src/compat/imsg_buffer.rs	unsafe extern "C" fn
ibufq_new	src/compat/imsg_buffer.rs	unsafe extern "C" fn
ibufq_pop	src/compat/imsg_buffer.rs	unsafe extern "C" fn
ibufq_push	src/compat/imsg_buffer.rs	unsafe extern "C" fn
ibufq_queuelen	src/compat/imsg_buffer.rs	unsafe extern "C" fn
imsg_add	src/compat/imsg.rs	unsafe extern "C" fn
imsg_close	src/compat/imsg.rs	unsafe extern "C" fn
imsg_compose	src/compat/imsg.rs	unsafe extern "C" fn
imsg_compose_ibuf	src/compat/imsg.rs	unsafe extern "C" fn
imsg_composev	src/compat/imsg.rs	unsafe extern "C" fn
imsg_create	src/compat/imsg.rs	unsafe extern "C" fn
imsg_forward	src/compat/imsg.rs	unsafe extern "C" fn
imsg_free	src/compat/imsg.rs	unsafe extern "C" fn
imsg_get	src/compat/imsg.rs	unsafe extern "C" fn
imsg_get_buf	src/compat/imsg.rs	unsafe extern "C" fn
imsg_get_data	src/compat/imsg.rs	unsafe extern "C" fn
imsg_get_fd	src/compat/imsg.rs	unsafe extern "C" fn
imsg_get_ibuf	src/compat/imsg.rs	unsafe extern "C" fn
imsg_get_id	src/compat/imsg.rs	unsafe extern "C" fn
imsg_get_len	src/compat/imsg.rs	unsafe extern "C" fn
imsg_get_pid	src/compat/imsg.rs	unsafe extern "C" fn
imsg_get_strbuf	src/compat/imsg.rs	unsafe extern "C" fn
imsg_get_type	src/compat/imsg.rs	unsafe extern "C" fn
imsg_ibufq_pop	src/compat/imsg.rs	unsafe extern "C" fn
imsg_ibufq_push	src/compat/imsg.rs	unsafe extern "C" fn
imsg_set_maxsize	src/compat/imsg.rs	unsafe extern "C" fn
imsgbuf_allow_fdpass	src/compat/imsg.rs	unsafe extern "C" fn
imsgbuf_clear	src/compat/imsg.rs	unsafe extern "C" fn
imsgbuf_flush	src/compat/imsg.rs	unsafe extern "C" fn
imsgbuf_get	src/compat/imsg.rs	unsafe extern "C" fn
imsgbuf_init	src/compat/imsg.rs	unsafe extern "C" fn
imsgbuf_queuelen	src/compat/imsg.rs	unsafe extern "C" fn
imsgbuf_read	src/compat/imsg.rs	unsafe extern "C" fn
imsgbuf_set_maxsize	src/compat/imsg.rs	unsafe extern "C" fn
imsgbuf_write	src/compat/imsg.rs	unsafe extern "C" fn
input_cancel_requests	src/input.rs	unsafe extern "C" fn
input_free	src/input.rs	unsafe extern "C" fn
input_init	src/input.rs	unsafe extern "C" fn
input_key	src/input_keys.rs	unsafe extern "C" fn
input_key_build	src/input_keys.rs	unsafe extern "C" fn
input_key_get_mouse	src/input_keys.rs	unsafe extern "C" fn
input_key_pane	src/input_keys.rs	unsafe extern "C" fn
input_key_tree	src/input_keys.rs	static mut
input_parse_buffer	src/input.rs	unsafe extern "C" fn
input_parse_pane	src/input.rs	unsafe extern "C" fn
input_parse_screen	src/input.rs	unsafe extern "C" fn
input_pending	src/input.rs	unsafe extern "C" fn
input_reply_clipboard	src/input.rs	unsafe extern "C" fn
input_request_reply	src/input.rs	unsafe extern "C" fn
input_reset	src/input.rs	unsafe extern "C" fn
input_set_buffer_size	src/input.rs	unsafe extern "C" fn
job_check_died	src/job.rs	unsafe extern "C" fn
job_free	src/job.rs	unsafe extern "C" fn
job_get_data	src/job.rs	unsafe extern "C" fn
job_get_event	src/job.rs	unsafe extern "C" fn
job_get_status	src/job.rs	unsafe extern "C" fn
job_kill_all	src/job.rs	unsafe extern "C" fn
job_print_summary	src/job.rs	unsafe extern "C" fn
job_resize	src/job.rs	unsafe extern "C" fn
job_run	src/job.rs	unsafe extern "C" fn
job_still_running	src/job.rs	unsafe extern "C" fn
job_transfer	src/job.rs	unsafe extern "C" fn
json_array_first	src/json.rs	unsafe extern "C" fn
json_array_next	src/json.rs	unsafe extern "C" fn
json_destroy_node	src/json.rs	unsafe extern "C" fn
json_find	src/json.rs	unsafe extern "C" fn
json_find_array	src/json.rs	unsafe extern "C" fn
json_find_boolean	src/json.rs	unsafe extern "C" fn
json_find_number	src/json.rs	unsafe extern "C" fn
json_find_object	src/json.rs	unsafe extern "C" fn
json_find_string	src/json.rs	unsafe extern "C" fn
json_get_array	src/json.rs	unsafe extern "C" fn
json_get_boolean	src/json.rs	unsafe extern "C" fn
json_get_number	src/json.rs	unsafe extern "C" fn
json_get_object	src/json.rs	unsafe extern "C" fn
json_get_string	src/json.rs	unsafe extern "C" fn
json_parse	src/json.rs	unsafe extern "C" fn
json_to_string	src/json.rs	unsafe extern "C" fn
key_bindings_add	src/key_bindings.rs	unsafe extern "C" fn
key_bindings_dispatch	src/key_bindings.rs	unsafe extern "C" fn
key_bindings_first	src/key_bindings.rs	unsafe extern "C" fn
key_bindings_first_table	src/key_bindings.rs	unsafe extern "C" fn
key_bindings_get	src/key_bindings.rs	unsafe extern "C" fn
key_bindings_get_default	src/key_bindings.rs	unsafe extern "C" fn
key_bindings_get_table	src/key_bindings.rs	unsafe extern "C" fn
key_bindings_has_repeat	src/key_bindings.rs	unsafe extern "C" fn
key_bindings_init	src/key_bindings.rs	unsafe extern "C" fn
key_bindings_next	src/key_bindings.rs	unsafe extern "C" fn
key_bindings_next_table	src/key_bindings.rs	unsafe extern "C" fn
key_bindings_remove	src/key_bindings.rs	unsafe extern "C" fn
key_bindings_remove_table	src/key_bindings.rs	unsafe extern "C" fn
key_bindings_reset	src/key_bindings.rs	unsafe extern "C" fn
key_bindings_reset_table	src/key_bindings.rs	unsafe extern "C" fn
key_bindings_unref_table	src/key_bindings.rs	unsafe extern "C" fn
key_string_lookup_key	src/key_string.rs	unsafe extern "C" fn
key_string_lookup_string	src/key_string.rs	unsafe extern "C" fn
layout_add_horizontal_border	src/layout.rs	unsafe extern "C" fn
layout_assign_pane	src/layout.rs	unsafe extern "C" fn
layout_cell_get_neighbour	src/layout.rs	unsafe extern "C" fn
layout_cell_has_tiled_child	src/layout.rs	unsafe extern "C" fn
layout_cell_is_tiled	src/layout.rs	unsafe extern "C" fn
layout_close_pane	src/layout.rs	unsafe extern "C" fn
layout_count_cells	src/layout.rs	unsafe extern "C" fn
layout_create_cell	src/layout.rs	unsafe extern "C" fn
layout_destroy_cell	src/layout.rs	unsafe extern "C" fn
layout_dump	src/layout_custom.rs	unsafe extern "C" fn
layout_fix_offsets	src/layout.rs	unsafe extern "C" fn
layout_fix_panes	src/layout.rs	unsafe extern "C" fn
layout_floating_args_parse	src/layout.rs	unsafe extern "C" fn
layout_floating_pane	src/layout.rs	unsafe extern "C" fn
layout_free	src/layout.rs	unsafe extern "C" fn
layout_free_cell	src/layout.rs	unsafe extern "C" fn
layout_get_floating_cell	src/layout.rs	unsafe extern "C" fn
layout_get_tiled_cell	src/layout.rs	unsafe extern "C" fn
layout_init	src/layout.rs	unsafe extern "C" fn
layout_insert_tile	src/layout.rs	unsafe extern "C" fn
layout_make_leaf	src/layout.rs	unsafe extern "C" fn
layout_make_node	src/layout.rs	unsafe extern "C" fn
layout_parse	src/layout_custom.rs	unsafe extern "C" fn
layout_print_cell	src/layout.rs	unsafe extern "C" fn
layout_remove_tile	src/layout.rs	unsafe extern "C" fn
layout_replace_with_node	src/layout.rs	unsafe extern "C" fn
layout_resize	src/layout.rs	unsafe extern "C" fn
layout_resize_adjust	src/layout.rs	unsafe extern "C" fn
layout_resize_floating_pane	src/layout.rs	unsafe extern "C" fn
layout_resize_floating_pane_to	src/layout.rs	unsafe extern "C" fn
layout_resize_layout	src/layout.rs	unsafe extern "C" fn
layout_resize_pane	src/layout.rs	unsafe extern "C" fn
layout_resize_pane_to	src/layout.rs	unsafe extern "C" fn
layout_resize_set_size	src/layout.rs	unsafe extern "C" fn
layout_search_by_border	src/layout.rs	unsafe extern "C" fn
layout_set_lookup	src/layout_set.rs	unsafe extern "C" fn
layout_set_next	src/layout_set.rs	unsafe extern "C" fn
layout_set_previous	src/layout_set.rs	unsafe extern "C" fn
layout_set_select	src/layout_set.rs	unsafe extern "C" fn
layout_set_size	src/layout.rs	unsafe extern "C" fn
layout_split_check_space	src/layout.rs	unsafe extern "C" fn
layout_split_floating_cell	src/layout.rs	unsafe extern "C" fn
layout_split_pane	src/layout.rs	unsafe extern "C" fn
layout_split_sizes	src/layout.rs	unsafe extern "C" fn
layout_spread_cell	src/layout.rs	unsafe extern "C" fn
layout_spread_out	src/layout.rs	unsafe extern "C" fn
load_cfg	src/cfg.rs	unsafe extern "C" fn
load_cfg_from_buffer	src/cfg.rs	unsafe extern "C" fn
log_add_level	src/log.rs	unsafe extern "C" fn
log_close	src/log.rs	unsafe extern "C" fn
log_debug	src/log.rs	unsafe extern "C" fn
log_get_level	src/log.rs	unsafe extern "C" fn
log_open	src/log.rs	unsafe extern "C" fn
log_toggle	src/log.rs	unsafe extern "C" fn
marked_pane	src/server.rs	static mut
menu_add_item	src/menu.rs	unsafe extern "C" fn
menu_add_items	src/menu.rs	unsafe extern "C" fn
menu_close	src/menu.rs	unsafe extern "C" fn
menu_create	src/menu.rs	unsafe extern "C" fn
menu_destroy	src/menu.rs	unsafe extern "C" fn
menu_display	src/menu.rs	unsafe extern "C" fn
menu_free	src/menu.rs	unsafe extern "C" fn
menu_get_cursor	src/menu.rs	unsafe extern "C" fn
menu_height	src/menu.rs	unsafe extern "C" fn
menu_key	src/menu.rs	unsafe extern "C" fn
menu_resize	src/menu.rs	unsafe extern "C" fn
menu_screen	src/menu.rs	unsafe extern "C" fn
menu_update	src/menu.rs	unsafe extern "C" fn
menu_width	src/menu.rs	unsafe extern "C" fn
menu_x	src/menu.rs	unsafe extern "C" fn
menu_y	src/menu.rs	unsafe extern "C" fn
message_log	src/server.rs	static mut
mode_tree_add	src/mode_tree.rs	unsafe extern "C" fn
mode_tree_align	src/mode_tree.rs	unsafe extern "C" fn
mode_tree_build	src/mode_tree.rs	unsafe extern "C" fn
mode_tree_clear_prompt	src/mode_tree.rs	unsafe extern "C" fn
mode_tree_collapse_current	src/mode_tree.rs	unsafe extern "C" fn
mode_tree_count_tagged	src/mode_tree.rs	unsafe extern "C" fn
mode_tree_down	src/mode_tree.rs	unsafe extern "C" fn
mode_tree_draw	src/mode_tree.rs	unsafe extern "C" fn
mode_tree_draw_as_parent	src/mode_tree.rs	unsafe extern "C" fn
mode_tree_each_tagged	src/mode_tree.rs	unsafe extern "C" fn
mode_tree_expand	src/mode_tree.rs	unsafe extern "C" fn
mode_tree_expand_current	src/mode_tree.rs	unsafe extern "C" fn
mode_tree_free	src/mode_tree.rs	unsafe extern "C" fn
mode_tree_get_current	src/mode_tree.rs	unsafe extern "C" fn
mode_tree_get_current_name	src/mode_tree.rs	unsafe extern "C" fn
mode_tree_has_prompt	src/mode_tree.rs	unsafe extern "C" fn
mode_tree_key	src/mode_tree.rs	unsafe extern "C" fn
mode_tree_no_tag	src/mode_tree.rs	unsafe extern "C" fn
mode_tree_remove	src/mode_tree.rs	unsafe extern "C" fn
mode_tree_resize	src/mode_tree.rs	unsafe extern "C" fn
mode_tree_run_command	src/mode_tree.rs	unsafe extern "C" fn
mode_tree_select_top	src/mode_tree.rs	unsafe extern "C" fn
mode_tree_set_current	src/mode_tree.rs	unsafe extern "C" fn
mode_tree_set_prompt	src/mode_tree.rs	unsafe extern "C" fn
mode_tree_start	src/mode_tree.rs	unsafe extern "C" fn
mode_tree_up	src/mode_tree.rs	unsafe extern "C" fn
mode_tree_view_name	src/mode_tree.rs	unsafe extern "C" fn
mode_tree_zoom	src/mode_tree.rs	unsafe extern "C" fn
monitor_add	src/monitor.rs	unsafe extern "C" fn
monitor_create_client	src/monitor.rs	unsafe extern "C" fn
monitor_create_session	src/monitor.rs	unsafe extern "C" fn
monitor_destroy	src/monitor.rs	unsafe extern "C" fn
monitor_get_fire_count	src/monitor.rs	unsafe extern "C" fn
monitor_get_fire_time	src/monitor.rs	unsafe extern "C" fn
monitor_parse	src/monitor.rs	unsafe extern "C" fn
monitor_remove	src/monitor.rs	unsafe extern "C" fn
msgbuf_clear	src/compat/imsg_buffer.rs	unsafe extern "C" fn
msgbuf_concat	src/compat/imsg_buffer.rs	unsafe extern "C" fn
msgbuf_free	src/compat/imsg_buffer.rs	unsafe extern "C" fn
msgbuf_get	src/compat/imsg_buffer.rs	unsafe extern "C" fn
msgbuf_new	src/compat/imsg_buffer.rs	unsafe extern "C" fn
msgbuf_new_reader	src/compat/imsg_buffer.rs	unsafe extern "C" fn
msgbuf_queuelen	src/compat/imsg_buffer.rs	unsafe extern "C" fn
msgbuf_read	src/compat/imsg_buffer.rs	unsafe extern "C" fn
msgbuf_write	src/compat/imsg_buffer.rs	unsafe extern "C" fn
next_session_id	src/session.rs	static mut
ntohll	src/compat/ntohll.rs	unsafe extern "C" fn
options_array_assign	src/options.rs	unsafe extern "C" fn
options_array_clear	src/options.rs	unsafe extern "C" fn
options_array_first	src/options.rs	unsafe extern "C" fn
options_array_get	src/options.rs	unsafe extern "C" fn
options_array_getv	src/options.rs	unsafe extern "C" fn
options_array_item_key	src/options.rs	unsafe extern "C" fn
options_array_item_value	src/options.rs	unsafe extern "C" fn
options_array_next	src/options.rs	unsafe extern "C" fn
options_array_set	src/options.rs	unsafe extern "C" fn
options_create	src/options.rs	unsafe extern "C" fn
options_default	src/options.rs	unsafe extern "C" fn
options_default_to_string	src/options.rs	unsafe extern "C" fn
options_empty	src/options.rs	unsafe extern "C" fn
options_find_choice	src/options.rs	unsafe extern "C" fn
options_first	src/options.rs	unsafe extern "C" fn
options_free	src/options.rs	unsafe extern "C" fn
options_from_string	src/options.rs	unsafe extern "C" fn
options_get	src/options.rs	unsafe extern "C" fn
options_get_command	src/options.rs	unsafe extern "C" fn
options_get_fire_count	src/options.rs	unsafe extern "C" fn
options_get_fire_time	src/options.rs	unsafe extern "C" fn
options_get_monitor_data	src/options.rs	unsafe extern "C" fn
options_get_number	src/options.rs	unsafe extern "C" fn
options_get_only	src/options.rs	unsafe extern "C" fn
options_get_parent	src/options.rs	unsafe extern "C" fn
options_get_string	src/options.rs	unsafe extern "C" fn
options_hook_fired	src/options.rs	unsafe extern "C" fn
options_is_array	src/options.rs	unsafe extern "C" fn
options_is_string	src/options.rs	unsafe extern "C" fn
options_match	src/options.rs	unsafe extern "C" fn
options_match_get	src/options.rs	unsafe extern "C" fn
options_name	src/options.rs	unsafe extern "C" fn
options_next	src/options.rs	unsafe extern "C" fn
options_other_names	src/options_table.rs	static mut
options_owner	src/options.rs	unsafe extern "C" fn
options_parse	src/options.rs	unsafe extern "C" fn
options_parse_get	src/options.rs	unsafe extern "C" fn
options_push_changes	src/options.rs	unsafe extern "C" fn
options_remove_or_default	src/options.rs	unsafe extern "C" fn
options_scope_from_flags	src/options.rs	unsafe extern "C" fn
options_scope_from_name	src/options.rs	unsafe extern "C" fn
options_search	src/options.rs	unsafe extern "C" fn
options_set_command	src/options.rs	unsafe extern "C" fn
options_set_monitor_data	src/options.rs	unsafe extern "C" fn
options_set_number	src/options.rs	unsafe extern "C" fn
options_set_parent	src/options.rs	unsafe extern "C" fn
options_set_string	src/options.rs	unsafe extern "C" fn
options_string_to_style	src/options.rs	unsafe extern "C" fn
options_table	src/options_table.rs	static mut
options_table_entry	src/options.rs	unsafe extern "C" fn
options_to_string	src/options.rs	unsafe extern "C" fn
osdep_event_init	src/osdep_linux.rs	unsafe extern "C" fn
osdep_get_cwd	src/osdep_linux.rs	unsafe extern "C" fn
osdep_get_name	src/osdep_linux.rs	unsafe extern "C" fn
parse_window_name	src/names.rs	unsafe extern "C" fn
paste_add	src/paste.rs	unsafe extern "C" fn
paste_buffer_created	src/paste.rs	unsafe extern "C" fn
paste_buffer_data	src/paste.rs	unsafe extern "C" fn
paste_buffer_name	src/paste.rs	unsafe extern "C" fn
paste_buffer_order	src/paste.rs	unsafe extern "C" fn
paste_free	src/paste.rs	unsafe extern "C" fn
paste_get_name	src/paste.rs	unsafe extern "C" fn
paste_get_top	src/paste.rs	unsafe extern "C" fn
paste_is_empty	src/paste.rs	unsafe extern "C" fn
paste_make_sample	src/paste.rs	unsafe extern "C" fn
paste_rename	src/paste.rs	unsafe extern "C" fn
paste_replace	src/paste.rs	unsafe extern "C" fn
paste_set	src/paste.rs	unsafe extern "C" fn
paste_walk	src/paste.rs	unsafe extern "C" fn
popup_display	src/popup.rs	unsafe extern "C" fn
popup_modify	src/popup.rs	unsafe extern "C" fn
popup_present	src/popup.rs	unsafe extern "C" fn
proc_add_peer	src/proc.rs	unsafe extern "C" fn
proc_clear_signals	src/proc.rs	unsafe extern "C" fn
proc_exit	src/proc.rs	unsafe extern "C" fn
proc_flush_peer	src/proc.rs	unsafe extern "C" fn
proc_fork_and_daemon	src/proc.rs	unsafe extern "C" fn
proc_get_peer_gid	src/proc.rs	unsafe extern "C" fn
proc_get_peer_uid	src/proc.rs	unsafe extern "C" fn
proc_kill_peer	src/proc.rs	unsafe extern "C" fn
proc_loop	src/proc.rs	unsafe extern "C" fn
proc_remove_peer	src/proc.rs	unsafe extern "C" fn
proc_send	src/proc.rs	unsafe extern "C" fn
proc_set_signals	src/proc.rs	unsafe extern "C" fn
proc_start	src/proc.rs	unsafe extern "C" fn
proc_toggle_log	src/proc.rs	unsafe extern "C" fn
prompt_add_history	src/prompt_history.rs	unsafe extern "C" fn
prompt_closed	src/prompt.rs	unsafe extern "C" fn
prompt_create	src/prompt.rs	unsafe extern "C" fn
prompt_down_history	src/prompt_history.rs	unsafe extern "C" fn
prompt_draw	src/prompt.rs	unsafe extern "C" fn
prompt_free	src/prompt.rs	unsafe extern "C" fn
prompt_history_clear	src/prompt_history.rs	unsafe extern "C" fn
prompt_history_get	src/prompt_history.rs	unsafe extern "C" fn
prompt_history_size	src/prompt_history.rs	unsafe extern "C" fn
prompt_incremental_start	src/prompt.rs	unsafe extern "C" fn
prompt_key	src/prompt.rs	unsafe extern "C" fn
prompt_load_history	src/prompt_history.rs	unsafe extern "C" fn
prompt_mouse	src/prompt.rs	unsafe extern "C" fn
prompt_save_history	src/prompt_history.rs	unsafe extern "C" fn
prompt_set_options	src/prompt.rs	unsafe extern "C" fn
prompt_type	src/prompt.rs	unsafe extern "C" fn
prompt_type_string	src/prompt.rs	unsafe extern "C" fn
prompt_up_history	src/prompt_history.rs	unsafe extern "C" fn
prompt_update	src/prompt.rs	unsafe extern "C" fn
ptm_fd	src/tmux.rs	static mut
recalculate_size	src/resize.rs	unsafe extern "C" fn
recalculate_sizes	src/resize.rs	unsafe extern "C" fn
recalculate_sizes_now	src/resize.rs	unsafe extern "C" fn
recallocarray	src/compat/recallocarray.rs	unsafe extern "C" fn
redraw_free_scene	src/screen_redraw.rs	unsafe extern "C" fn
redraw_get_status_border_cell_type	src/screen_redraw.rs	unsafe extern "C" fn
redraw_invalidate_all_scenes	src/screen_redraw.rs	unsafe extern "C" fn
redraw_invalidate_scene	src/screen_redraw.rs	unsafe extern "C" fn
redraw_pane	src/screen_redraw.rs	unsafe extern "C" fn
redraw_pane_scrollbar	src/screen_redraw.rs	unsafe extern "C" fn
redraw_screen	src/screen_redraw.rs	unsafe extern "C" fn
regsub	src/regsub.rs	unsafe extern "C" fn
resize_window	src/resize.rs	unsafe extern "C" fn
screen_alternate_off	src/screen.rs	unsafe extern "C" fn
screen_alternate_on	src/screen.rs	unsafe extern "C" fn
screen_check_selection	src/screen.rs	unsafe extern "C" fn
screen_clear_selection	src/screen.rs	unsafe extern "C" fn
screen_free	src/screen.rs	unsafe extern "C" fn
screen_hide_selection	src/screen.rs	unsafe extern "C" fn
screen_init	src/screen.rs	unsafe extern "C" fn
screen_mode_to_string	src/screen.rs	unsafe extern "C" fn
screen_pop_title	src/screen.rs	unsafe extern "C" fn
screen_print	src/screen.rs	unsafe extern "C" fn
screen_push_title	src/screen.rs	unsafe extern "C" fn
screen_reinit	src/screen.rs	unsafe extern "C" fn
screen_reset_hyperlinks	src/screen.rs	unsafe extern "C" fn
screen_reset_tabs	src/screen.rs	unsafe extern "C" fn
screen_resize	src/screen.rs	unsafe extern "C" fn
screen_resize_cursor	src/screen.rs	unsafe extern "C" fn
screen_select_cell	src/screen.rs	unsafe extern "C" fn
screen_set_cursor_colour	src/screen.rs	unsafe extern "C" fn
screen_set_cursor_style	src/screen.rs	unsafe extern "C" fn
screen_set_default_cursor	src/screen.rs	unsafe extern "C" fn
screen_set_path	src/screen.rs	unsafe extern "C" fn
screen_set_progress_bar	src/screen.rs	unsafe extern "C" fn
screen_set_selection	src/screen.rs	unsafe extern "C" fn
screen_set_title	src/screen.rs	unsafe extern "C" fn
screen_write_alignmenttest	src/screen_write.rs	unsafe extern "C" fn
screen_write_alternateoff	src/screen_write.rs	unsafe extern "C" fn
screen_write_alternateon	src/screen_write.rs	unsafe extern "C" fn
screen_write_backspace	src/screen_write.rs	unsafe extern "C" fn
screen_write_box	src/screen_write.rs	unsafe extern "C" fn
screen_write_carriagereturn	src/screen_write.rs	unsafe extern "C" fn
screen_write_cell	src/screen_write.rs	unsafe extern "C" fn
screen_write_citem_freelist	src/screen_write.rs	static mut
screen_write_clear_dirty	src/screen_write.rs	unsafe extern "C" fn
screen_write_clearcharacter	src/screen_write.rs	unsafe extern "C" fn
screen_write_clearendofline	src/screen_write.rs	unsafe extern "C" fn
screen_write_clearendofscreen	src/screen_write.rs	unsafe extern "C" fn
screen_write_clearhistory	src/screen_write.rs	unsafe extern "C" fn
screen_write_clearline	src/screen_write.rs	unsafe extern "C" fn
screen_write_clearscreen	src/screen_write.rs	unsafe extern "C" fn
screen_write_clearstartofline	src/screen_write.rs	unsafe extern "C" fn
screen_write_clearstartofscreen	src/screen_write.rs	unsafe extern "C" fn
screen_write_collect_add	src/screen_write.rs	unsafe extern "C" fn
screen_write_collect_end	src/screen_write.rs	unsafe extern "C" fn
screen_write_cursordown	src/screen_write.rs	unsafe extern "C" fn
screen_write_cursorleft	src/screen_write.rs	unsafe extern "C" fn
screen_write_cursormove	src/screen_write.rs	unsafe extern "C" fn
screen_write_cursorright	src/screen_write.rs	unsafe extern "C" fn
screen_write_cursorup	src/screen_write.rs	unsafe extern "C" fn
screen_write_deletecharacter	src/screen_write.rs	unsafe extern "C" fn
screen_write_deleteline	src/screen_write.rs	unsafe extern "C" fn
screen_write_end_sync	src/screen_write.rs	unsafe extern "C" fn
screen_write_fast_copy	src/screen_write.rs	unsafe extern "C" fn
screen_write_free_list	src/screen_write.rs	unsafe extern "C" fn
screen_write_fullredraw	src/screen_write.rs	unsafe extern "C" fn
screen_write_hline	src/screen_write.rs	unsafe extern "C" fn
screen_write_insertcharacter	src/screen_write.rs	unsafe extern "C" fn
screen_write_insertline	src/screen_write.rs	unsafe extern "C" fn
screen_write_linefeed	src/screen_write.rs	unsafe extern "C" fn
screen_write_make_list	src/screen_write.rs	unsafe extern "C" fn
screen_write_menu	src/screen_write.rs	unsafe extern "C" fn
screen_write_mode_clear	src/screen_write.rs	unsafe extern "C" fn
screen_write_mode_set	src/screen_write.rs	unsafe extern "C" fn
screen_write_nputs	src/screen_write.rs	unsafe extern "C" fn
screen_write_preview	src/screen_write.rs	unsafe extern "C" fn
screen_write_putc	src/screen_write.rs	unsafe extern "C" fn
screen_write_puts	src/screen_write.rs	unsafe extern "C" fn
screen_write_rawstring	src/screen_write.rs	unsafe extern "C" fn
screen_write_reset	src/screen_write.rs	unsafe extern "C" fn
screen_write_reverseindex	src/screen_write.rs	unsafe extern "C" fn
screen_write_scrolldown	src/screen_write.rs	unsafe extern "C" fn
screen_write_scrollregion	src/screen_write.rs	unsafe extern "C" fn
screen_write_scrollup	src/screen_write.rs	unsafe extern "C" fn
screen_write_setselection	src/screen_write.rs	unsafe extern "C" fn
screen_write_start	src/screen_write.rs	unsafe extern "C" fn
screen_write_start_callback	src/screen_write.rs	unsafe extern "C" fn
screen_write_start_pane	src/screen_write.rs	unsafe extern "C" fn
screen_write_start_sync	src/screen_write.rs	unsafe extern "C" fn
screen_write_stop	src/screen_write.rs	unsafe extern "C" fn
screen_write_stop_sync	src/screen_write.rs	unsafe extern "C" fn
screen_write_strlen	src/screen_write.rs	unsafe extern "C" fn
screen_write_text	src/screen_write.rs	unsafe extern "C" fn
screen_write_vline	src/screen_write.rs	unsafe extern "C" fn
screen_write_vnputs	src/screen_write.rs	unsafe extern "C" fn
server_acl_allow	src/server_acl.rs	unsafe extern "C" fn
server_acl_allow_write	src/server_acl.rs	unsafe extern "C" fn
server_acl_deny	src/server_acl.rs	unsafe extern "C" fn
server_acl_deny_write	src/server_acl.rs	unsafe extern "C" fn
server_acl_display	src/server_acl.rs	unsafe extern "C" fn
server_acl_entries	src/server_acl.rs	static mut
server_acl_find	src/server_acl.rs	unsafe extern "C" fn
server_acl_init	src/server_acl.rs	unsafe extern "C" fn
server_acl_join	src/server_acl.rs	unsafe extern "C" fn
server_add_accept	src/server.rs	unsafe extern "C" fn
server_add_message	src/server.rs	unsafe extern "C" fn
server_check_marked	src/server.rs	unsafe extern "C" fn
server_check_unattached	src/server_fn.rs	unsafe extern "C" fn
server_clear_marked	src/server.rs	unsafe extern "C" fn
server_client_check_nested	src/server_client.rs	unsafe extern "C" fn
server_client_clear_overlay	src/server_client.rs	unsafe extern "C" fn
server_client_create	src/server_client.rs	unsafe extern "C" fn
server_client_detach	src/server_client.rs	unsafe extern "C" fn
server_client_ensure_ranges	src/server_client.rs	unsafe extern "C" fn
server_client_exec	src/server_client.rs	unsafe extern "C" fn
server_client_get_cwd	src/server_client.rs	unsafe extern "C" fn
server_client_get_flags	src/server_client.rs	unsafe extern "C" fn
server_client_get_key_table	src/server_client.rs	unsafe extern "C" fn
server_client_handle_key	src/server_client.rs	unsafe extern "C" fn
server_client_handle_key_after	src/server_client.rs	unsafe extern "C" fn
server_client_how_many	src/server_client.rs	unsafe extern "C" fn
server_client_loop	src/server_client.rs	unsafe extern "C" fn
server_client_lost	src/server_client.rs	unsafe extern "C" fn
server_client_open	src/server_client.rs	unsafe extern "C" fn
server_client_overlay_range	src/server_client.rs	unsafe extern "C" fn
server_client_print	src/server_client.rs	unsafe extern "C" fn
server_client_ranges_is_empty	src/server_client.rs	unsafe extern "C" fn
server_client_remove_pane	src/server_client.rs	unsafe extern "C" fn
server_client_set_flags	src/server_client.rs	unsafe extern "C" fn
server_client_set_key_table	src/server_client.rs	unsafe extern "C" fn
server_client_set_overlay	src/server_client.rs	unsafe extern "C" fn
server_client_set_session	src/server_client.rs	unsafe extern "C" fn
server_client_suspend	src/server_client.rs	unsafe extern "C" fn
server_client_unref	src/server_client.rs	unsafe extern "C" fn
server_client_update_theme_colours	src/server_client.rs	unsafe extern "C" fn
server_create_socket	src/server.rs	unsafe extern "C" fn
server_destroy_pane	src/server_fn.rs	unsafe extern "C" fn
server_destroy_session	src/server_fn.rs	unsafe extern "C" fn
server_is_marked	src/server.rs	unsafe extern "C" fn
server_kill_pane	src/server_fn.rs	unsafe extern "C" fn
server_kill_window	src/server_fn.rs	unsafe extern "C" fn
server_link_window	src/server_fn.rs	unsafe extern "C" fn
server_lock	src/server_fn.rs	unsafe extern "C" fn
server_lock_client	src/server_fn.rs	unsafe extern "C" fn
server_lock_session	src/server_fn.rs	unsafe extern "C" fn
server_proc	src/server.rs	static mut
server_redraw_client	src/server_fn.rs	unsafe extern "C" fn
server_redraw_session	src/server_fn.rs	unsafe extern "C" fn
server_redraw_session_group	src/server_fn.rs	unsafe extern "C" fn
server_redraw_window	src/server_fn.rs	unsafe extern "C" fn
server_redraw_window_borders	src/server_fn.rs	unsafe extern "C" fn
server_redraw_window_menu	src/server_fn.rs	unsafe extern "C" fn
server_renumber_all	src/server_fn.rs	unsafe extern "C" fn
server_renumber_session	src/server_fn.rs	unsafe extern "C" fn
server_set_marked	src/server.rs	unsafe extern "C" fn
server_start	src/server.rs	unsafe extern "C" fn
server_status_client	src/server_fn.rs	unsafe extern "C" fn
server_status_session	src/server_fn.rs	unsafe extern "C" fn
server_status_session_group	src/server_fn.rs	unsafe extern "C" fn
server_status_window	src/server_fn.rs	unsafe extern "C" fn
server_unlink_window	src/server_fn.rs	unsafe extern "C" fn
server_unzoom_window	src/server_fn.rs	unsafe extern "C" fn
server_update_socket	src/server.rs	unsafe extern "C" fn
session_add_ref	src/session.rs	unsafe extern "C" fn
session_alive	src/session.rs	unsafe extern "C" fn
session_attach	src/session.rs	unsafe extern "C" fn
session_cmp	src/session.rs	unsafe extern "C" fn
session_create	src/session.rs	unsafe extern "C" fn
session_destroy	src/session.rs	unsafe extern "C" fn
session_detach	src/session.rs	unsafe extern "C" fn
session_find	src/session.rs	unsafe extern "C" fn
session_find_by_id	src/session.rs	unsafe extern "C" fn
session_find_by_id_str	src/session.rs	unsafe extern "C" fn
session_group_add	src/session.rs	unsafe extern "C" fn
session_group_attached_count	src/session.rs	unsafe extern "C" fn
session_group_cmp	src/session.rs	unsafe extern "C" fn
session_group_contains	src/session.rs	unsafe extern "C" fn
session_group_count	src/session.rs	unsafe extern "C" fn
session_group_find	src/session.rs	unsafe extern "C" fn
session_group_new	src/session.rs	unsafe extern "C" fn
session_group_synchronize_from	src/session.rs	unsafe extern "C" fn
session_group_synchronize_to	src/session.rs	unsafe extern "C" fn
session_groups	src/session.rs	static mut
session_groups_RB_FIND	src/session.rs	unsafe extern "C" fn
session_groups_RB_INSERT	src/session.rs	unsafe extern "C" fn
session_groups_RB_INSERT_COLOR	src/session.rs	unsafe extern "C" fn
session_groups_RB_MINMAX	src/session.rs	unsafe extern "C" fn
session_groups_RB_NEXT	src/session.rs	unsafe extern "C" fn
session_groups_RB_NFIND	src/session.rs	unsafe extern "C" fn
session_groups_RB_PREV	src/session.rs	unsafe extern "C" fn
session_groups_RB_REMOVE	src/session.rs	unsafe extern "C" fn
session_groups_RB_REMOVE_COLOR	src/session.rs	unsafe extern "C" fn
session_has	src/session.rs	unsafe extern "C" fn
session_is_linked	src/session.rs	unsafe extern "C" fn
session_last	src/session.rs	unsafe extern "C" fn
session_next	src/session.rs	unsafe extern "C" fn
session_next_session	src/session.rs	unsafe extern "C" fn
session_previous	src/session.rs	unsafe extern "C" fn
session_previous_session	src/session.rs	unsafe extern "C" fn
session_remove_ref	src/session.rs	unsafe extern "C" fn
session_renumber_windows	src/session.rs	unsafe extern "C" fn
session_select	src/session.rs	unsafe extern "C" fn
session_set_current	src/session.rs	unsafe extern "C" fn
session_theme_changed	src/session.rs	unsafe extern "C" fn
session_update_activity	src/session.rs	unsafe extern "C" fn
session_update_history	src/session.rs	unsafe extern "C" fn
sessions	src/session.rs	static mut
sessions_RB_FIND	src/session.rs	unsafe extern "C" fn
sessions_RB_INSERT	src/session.rs	unsafe extern "C" fn
sessions_RB_INSERT_COLOR	src/session.rs	unsafe extern "C" fn
sessions_RB_MINMAX	src/session.rs	unsafe extern "C" fn
sessions_RB_NEXT	src/session.rs	unsafe extern "C" fn
sessions_RB_NFIND	src/session.rs	unsafe extern "C" fn
sessions_RB_PREV	src/session.rs	unsafe extern "C" fn
sessions_RB_REMOVE	src/session.rs	unsafe extern "C" fn
sessions_RB_REMOVE_COLOR	src/session.rs	unsafe extern "C" fn
setblocking	src/tmux.rs	unsafe extern "C" fn
setproctitle	src/compat/setproctitle.rs	unsafe extern "C" fn
shell_argv0	src/tmux.rs	unsafe extern "C" fn
shell_command	src/tmux.rs	static mut
sig2name	src/tmux.rs	unsafe extern "C" fn
socket_path	src/tmux.rs	static mut
sort_get_buffers	src/sort.rs	unsafe extern "C" fn
sort_get_clients	src/sort.rs	unsafe extern "C" fn
sort_get_key_bindings	src/sort.rs	unsafe extern "C" fn
sort_get_key_bindings_table	src/sort.rs	unsafe extern "C" fn
sort_get_panes	src/sort.rs	unsafe extern "C" fn
sort_get_panes_session	src/sort.rs	unsafe extern "C" fn
sort_get_panes_window	src/sort.rs	unsafe extern "C" fn
sort_get_sessions	src/sort.rs	unsafe extern "C" fn
sort_get_winlinks	src/sort.rs	unsafe extern "C" fn
sort_get_winlinks_session	src/sort.rs	unsafe extern "C" fn
sort_next_order	src/sort.rs	unsafe extern "C" fn
sort_order_from_string	src/sort.rs	unsafe extern "C" fn
sort_order_to_string	src/sort.rs	unsafe extern "C" fn
sort_would_window_tree_swap	src/sort.rs	unsafe extern "C" fn
spawn_cancel_editor	src/spawn.rs	unsafe extern "C" fn
spawn_editor	src/spawn.rs	unsafe extern "C" fn
spawn_editor_finish	src/spawn.rs	unsafe extern "C" fn
spawn_get_editor_pid	src/spawn.rs	unsafe extern "C" fn
spawn_pane	src/spawn.rs	unsafe extern "C" fn
spawn_window	src/spawn.rs	unsafe extern "C" fn
start_cfg	src/cfg.rs	unsafe extern "C" fn
start_time	src/tmux.rs	static mut
status_at_line	src/status.rs	unsafe extern "C" fn
status_free	src/status.rs	unsafe extern "C" fn
status_get_range	src/status.rs	unsafe extern "C" fn
status_init	src/status.rs	unsafe extern "C" fn
status_line_size	src/status.rs	unsafe extern "C" fn
status_message_clear	src/status.rs	unsafe extern "C" fn
status_message_redraw	src/status.rs	unsafe extern "C" fn
status_message_set	src/status.rs	unsafe extern "C" fn
status_prompt_clear	src/status.rs	unsafe extern "C" fn
status_prompt_cursor	src/status.rs	unsafe extern "C" fn
status_prompt_key	src/status.rs	unsafe extern "C" fn
status_prompt_line_at	src/status.rs	unsafe extern "C" fn
status_prompt_redraw	src/status.rs	unsafe extern "C" fn
status_prompt_set	src/status.rs	unsafe extern "C" fn
status_prompt_update	src/status.rs	unsafe extern "C" fn
status_redraw	src/status.rs	unsafe extern "C" fn
status_timer_start	src/status.rs	unsafe extern "C" fn
status_timer_start_all	src/status.rs	unsafe extern "C" fn
status_update_cache	src/status.rs	unsafe extern "C" fn
stravis	src/compat/vis.rs	unsafe extern "C" fn
strnunvis	src/compat/unvis.rs	unsafe extern "C" fn
strnvis	src/compat/vis.rs	unsafe extern "C" fn
strtonum	src/compat/strtonum.rs	unsafe extern "C" fn
strunvis	src/compat/unvis.rs	unsafe extern "C" fn
strvis	src/compat/vis.rs	unsafe extern "C" fn
strvisx	src/compat/vis.rs	unsafe extern "C" fn
style_add	src/style.rs	unsafe extern "C" fn
style_apply	src/style.rs	unsafe extern "C" fn
style_copy	src/style.rs	unsafe extern "C" fn
style_link	src/style.rs	unsafe extern "C" fn
style_parse	src/style.rs	unsafe extern "C" fn
style_parse_colour	src/style.rs	unsafe extern "C" fn
style_ranges_free	src/style.rs	unsafe extern "C" fn
style_ranges_get_range	src/style.rs	unsafe extern "C" fn
style_ranges_init	src/style.rs	unsafe extern "C" fn
style_set	src/style.rs	unsafe extern "C" fn
style_set_scrollbar_style_from_option	src/style.rs	unsafe extern "C" fn
style_tostring	src/style.rs	unsafe extern "C" fn
systemd_activated	src/compat/systemd.rs	unsafe extern "C" fn
systemd_create_socket	src/compat/systemd.rs	unsafe extern "C" fn
systemd_move_to_new_cgroup	src/compat/systemd.rs	unsafe extern "C" fn
tty_acs_double_borders	src/tty_acs.rs	unsafe extern "C" fn
tty_acs_get	src/tty_acs.rs	unsafe extern "C" fn
tty_acs_heavy_borders	src/tty_acs.rs	unsafe extern "C" fn
tty_acs_needed	src/tty_acs.rs	unsafe extern "C" fn
tty_acs_reverse_get	src/tty_acs.rs	unsafe extern "C" fn
tty_acs_rounded_borders	src/tty_acs.rs	unsafe extern "C" fn
tty_apply_features	src/tty_features.rs	unsafe extern "C" fn
tty_attributes	src/tty.rs	unsafe extern "C" fn
tty_cell	src/tty.rs	unsafe extern "C" fn
tty_check_codeset	src/tty.rs	unsafe extern "C" fn
tty_check_overlay_range	src/tty.rs	unsafe extern "C" fn
tty_clipboard_query	src/tty.rs	unsafe extern "C" fn
tty_close	src/tty.rs	unsafe extern "C" fn
tty_cmd_alignmenttest	src/tty.rs	unsafe extern "C" fn
tty_cmd_cell	src/tty.rs	unsafe extern "C" fn
tty_cmd_cells	src/tty.rs	unsafe extern "C" fn
tty_cmd_clearcharacter	src/tty.rs	unsafe extern "C" fn
tty_cmd_clearendofline	src/tty.rs	unsafe extern "C" fn
tty_cmd_clearendofscreen	src/tty.rs	unsafe extern "C" fn
tty_cmd_clearline	src/tty.rs	unsafe extern "C" fn
tty_cmd_clearscreen	src/tty.rs	unsafe extern "C" fn
tty_cmd_clearstartofline	src/tty.rs	unsafe extern "C" fn
tty_cmd_clearstartofscreen	src/tty.rs	unsafe extern "C" fn
tty_cmd_deletecharacter	src/tty.rs	unsafe extern "C" fn
tty_cmd_deleteline	src/tty.rs	unsafe extern "C" fn
tty_cmd_insertcharacter	src/tty.rs	unsafe extern "C" fn
tty_cmd_insertline	src/tty.rs	unsafe extern "C" fn
tty_cmd_linefeed	src/tty.rs	unsafe extern "C" fn
tty_cmd_rawstring	src/tty.rs	unsafe extern "C" fn
tty_cmd_redrawline	src/tty.rs	unsafe extern "C" fn
tty_cmd_reverseindex	src/tty.rs	unsafe extern "C" fn
tty_cmd_scrolldown	src/tty.rs	unsafe extern "C" fn
tty_cmd_scrollup	src/tty.rs	unsafe extern "C" fn
tty_cmd_setselection	src/tty.rs	unsafe extern "C" fn
tty_cmd_syncstart	src/tty.rs	unsafe extern "C" fn
tty_create_log	src/tty.rs	unsafe extern "C" fn
tty_cursor	src/tty.rs	unsafe extern "C" fn
tty_default_attributes	src/tty.rs	unsafe extern "C" fn
tty_default_colours	src/tty.rs	unsafe extern "C" fn
tty_default_features	src/tty_features.rs	unsafe extern "C" fn
tty_draw_line	src/tty_draw.rs	unsafe extern "C" fn
tty_fake_bce	src/tty.rs	unsafe extern "C" fn
tty_feature_present	src/tty_features.rs	unsafe extern "C" fn
tty_free	src/tty.rs	unsafe extern "C" fn
tty_get_features	src/tty_features.rs	unsafe extern "C" fn
tty_init	src/tty.rs	unsafe extern "C" fn
tty_invalidate	src/tty.rs	unsafe extern "C" fn
tty_keys_build	src/tty_keys.rs	unsafe extern "C" fn
tty_keys_colours	src/tty_keys.rs	unsafe extern "C" fn
tty_keys_free	src/tty_keys.rs	unsafe extern "C" fn
tty_keys_next	src/tty_keys.rs	unsafe extern "C" fn
tty_margin_off	src/tty.rs	unsafe extern "C" fn
tty_open	src/tty.rs	unsafe extern "C" fn
tty_parse_client_features	src/tty_features.rs	unsafe extern "C" fn
tty_parse_features	src/tty_features.rs	unsafe extern "C" fn
tty_putc	src/tty.rs	unsafe extern "C" fn
tty_putcode	src/tty.rs	unsafe extern "C" fn
tty_putcode_i	src/tty.rs	unsafe extern "C" fn
tty_putcode_ii	src/tty.rs	unsafe extern "C" fn
tty_putcode_iii	src/tty.rs	unsafe extern "C" fn
tty_putcode_s	src/tty.rs	unsafe extern "C" fn
tty_putcode_ss	src/tty.rs	unsafe extern "C" fn
tty_putn	src/tty.rs	unsafe extern "C" fn
tty_puts	src/tty.rs	unsafe extern "C" fn
tty_raw	src/tty.rs	unsafe extern "C" fn
tty_region_off	src/tty.rs	unsafe extern "C" fn
tty_repeat_requests	src/tty.rs	unsafe extern "C" fn
tty_repeat_space	src/tty.rs	unsafe extern "C" fn
tty_reset	src/tty.rs	unsafe extern "C" fn
tty_resize	src/tty.rs	unsafe extern "C" fn
tty_send_requests	src/tty.rs	unsafe extern "C" fn
tty_set_path	src/tty.rs	unsafe extern "C" fn
tty_set_progress_bar	src/tty.rs	unsafe extern "C" fn
tty_set_selection	src/tty.rs	unsafe extern "C" fn
tty_set_size	src/tty.rs	unsafe extern "C" fn
tty_set_title	src/tty.rs	unsafe extern "C" fn
tty_start_tty	src/tty.rs	unsafe extern "C" fn
tty_stop_tty	src/tty.rs	unsafe extern "C" fn
tty_sync_end	src/tty.rs	unsafe extern "C" fn
tty_sync_start	src/tty.rs	unsafe extern "C" fn
tty_term_apply	src/tty_term.rs	unsafe extern "C" fn
tty_term_apply_overrides	src/tty_term.rs	unsafe extern "C" fn
tty_term_create	src/tty_term.rs	unsafe extern "C" fn
tty_term_describe	src/tty_term.rs	unsafe extern "C" fn
tty_term_flag	src/tty_term.rs	unsafe extern "C" fn
tty_term_free	src/tty_term.rs	unsafe extern "C" fn
tty_term_free_list	src/tty_term.rs	unsafe extern "C" fn
tty_term_has	src/tty_term.rs	unsafe extern "C" fn
tty_term_has_name	src/tty_term.rs	unsafe extern "C" fn
tty_term_ncodes	src/tty_term.rs	unsafe extern "C" fn
tty_term_number	src/tty_term.rs	unsafe extern "C" fn
tty_term_read_list	src/tty_term.rs	unsafe extern "C" fn
tty_term_string	src/tty_term.rs	unsafe extern "C" fn
tty_term_string_i	src/tty_term.rs	unsafe extern "C" fn
tty_term_string_ii	src/tty_term.rs	unsafe extern "C" fn
tty_term_string_iii	src/tty_term.rs	unsafe extern "C" fn
tty_term_string_s	src/tty_term.rs	unsafe extern "C" fn
tty_term_string_ss	src/tty_term.rs	unsafe extern "C" fn
tty_terms	src/tty_term.rs	static mut
tty_update_client_offset	src/tty.rs	unsafe extern "C" fn
tty_update_features	src/tty.rs	unsafe extern "C" fn
tty_update_mode	src/tty.rs	unsafe extern "C" fn
tty_update_window_offset	src/tty.rs	unsafe extern "C" fn
tty_window_bigger	src/tty.rs	unsafe extern "C" fn
tty_window_offset	src/tty.rs	unsafe extern "C" fn
tty_write	src/tty.rs	unsafe extern "C" fn
unvis	src/compat/unvis.rs	unsafe extern "C" fn
utf8_append	src/utf8.rs	unsafe extern "C" fn
utf8_build_one	src/utf8.rs	unsafe extern "C" fn
utf8_copy	src/utf8.rs	unsafe extern "C" fn
utf8_cstrhas	src/utf8.rs	unsafe extern "C" fn
utf8_cstrwidth	src/utf8.rs	unsafe extern "C" fn
utf8_from_data	src/utf8.rs	unsafe extern "C" fn
utf8_fromcstr	src/utf8.rs	unsafe extern "C" fn
utf8_fromwc	src/utf8.rs	unsafe extern "C" fn
utf8_has_whitespace	src/utf8.rs	unsafe extern "C" fn
utf8_has_zwj	src/utf8_combined.rs	unsafe extern "C" fn
utf8_is_hangul_filler	src/utf8_combined.rs	unsafe extern "C" fn
utf8_is_vs	src/utf8_combined.rs	unsafe extern "C" fn
utf8_is_zwj	src/utf8_combined.rs	unsafe extern "C" fn
utf8_isvalid	src/utf8.rs	unsafe extern "C" fn
utf8_open	src/utf8.rs	unsafe extern "C" fn
utf8_padcstr	src/utf8.rs	unsafe extern "C" fn
utf8_rpadcstr	src/utf8.rs	unsafe extern "C" fn
utf8_sanitize	src/utf8.rs	unsafe extern "C" fn
utf8_set	src/utf8.rs	unsafe extern "C" fn
utf8_should_combine	src/utf8_combined.rs	unsafe extern "C" fn
utf8_stravis	src/utf8.rs	unsafe extern "C" fn
utf8_stravisx	src/utf8.rs	unsafe extern "C" fn
utf8_strlen	src/utf8.rs	unsafe extern "C" fn
utf8_strvis	src/utf8.rs	unsafe extern "C" fn
utf8_strwidth	src/utf8.rs	unsafe extern "C" fn
utf8_to_data	src/utf8.rs	unsafe extern "C" fn
utf8_tocstr	src/utf8.rs	unsafe extern "C" fn
utf8_towc	src/utf8.rs	unsafe extern "C" fn
utf8_update_width_cache	src/utf8.rs	unsafe extern "C" fn
utf8proc_mbtowc	src/compat/utf8proc.rs	unsafe extern "C" fn
utf8proc_wctomb	src/compat/utf8proc.rs	unsafe extern "C" fn
utf8proc_wcwidth	src/compat/utf8proc.rs	unsafe extern "C" fn
vis	src/compat/vis.rs	unsafe extern "C" fn
window_active_pane_is_over_zoom	src/window.rs	unsafe extern "C" fn
window_add_pane	src/window.rs	unsafe extern "C" fn
window_add_ref	src/window.rs	unsafe extern "C" fn
window_buffer_mode	src/window_buffer.rs	static mut
window_client_mode	src/window_client.rs	static mut
window_clock_mode	src/window_clock.rs	static mut
window_clock_table	src/window_clock.rs	static mut
window_cmp	src/window.rs	unsafe extern "C" fn
window_copy_add	src/window_copy.rs	unsafe extern "C" fn
window_copy_get_current_offset	src/window_copy.rs	unsafe extern "C" fn
window_copy_get_hyperlink	src/window_copy.rs	unsafe extern "C" fn
window_copy_get_line	src/window_copy.rs	unsafe extern "C" fn
window_copy_get_word	src/window_copy.rs	unsafe extern "C" fn
window_copy_mode	src/window_copy.rs	static mut
window_copy_pagedown	src/window_copy.rs	unsafe extern "C" fn
window_copy_pageup	src/window_copy.rs	unsafe extern "C" fn
window_copy_scroll	src/window_copy.rs	unsafe extern "C" fn
window_copy_set_line_numbers	src/window_copy.rs	unsafe extern "C" fn
window_copy_start_drag	src/window_copy.rs	unsafe extern "C" fn
window_copy_vadd	src/window_copy.rs	unsafe extern "C" fn
window_count_panes	src/window.rs	unsafe extern "C" fn
window_create	src/window.rs	unsafe extern "C" fn
window_customize_mode	src/window_customize.rs	static mut
window_destroy_panes	src/window.rs	unsafe extern "C" fn
window_find_by_id	src/window.rs	unsafe extern "C" fn
window_find_by_id_str	src/window.rs	unsafe extern "C" fn
window_find_string	src/window.rs	unsafe extern "C" fn
window_fire_pane_moved	src/window.rs	unsafe extern "C" fn
window_get_active_at	src/window.rs	unsafe extern "C" fn
window_get_bg_client	src/window.rs	unsafe extern "C" fn
window_get_border_cell	src/window_border.rs	unsafe extern "C" fn
window_get_fill_cell	src/window_border.rs	unsafe extern "C" fn
window_get_pane_lines	src/window.rs	unsafe extern "C" fn
window_get_pane_status	src/window.rs	unsafe extern "C" fn
window_has_floating_panes	src/window.rs	unsafe extern "C" fn
window_has_pane	src/window.rs	unsafe extern "C" fn
window_lost_pane	src/window.rs	unsafe extern "C" fn
window_make_pane_status	src/window_border.rs	unsafe extern "C" fn
window_pane_add_ref	src/window.rs	unsafe extern "C" fn
window_pane_at_index	src/window.rs	unsafe extern "C" fn
window_pane_clear_prompt	src/window.rs	unsafe extern "C" fn
window_pane_clear_resizes	src/window.rs	unsafe extern "C" fn
window_pane_cmp	src/window.rs	unsafe extern "C" fn
window_pane_contains	src/window.rs	unsafe extern "C" fn
window_pane_default_cursor	src/window.rs	unsafe extern "C" fn
window_pane_destroy_ready	src/window.rs	unsafe extern "C" fn
window_pane_exited	src/window.rs	unsafe extern "C" fn
window_pane_find_by_id	src/window.rs	unsafe extern "C" fn
window_pane_find_by_id_str	src/window.rs	unsafe extern "C" fn
window_pane_find_down	src/window.rs	unsafe extern "C" fn
window_pane_find_left	src/window.rs	unsafe extern "C" fn
window_pane_find_right	src/window.rs	unsafe extern "C" fn
window_pane_find_up	src/window.rs	unsafe extern "C" fn
window_pane_get_bg	src/window.rs	unsafe extern "C" fn
window_pane_get_bg_control_client	src/window.rs	unsafe extern "C" fn
window_pane_get_border_cell	src/window_border.rs	unsafe extern "C" fn
window_pane_get_border_style	src/window_border.rs	unsafe extern "C" fn
window_pane_get_fg	src/window.rs	unsafe extern "C" fn
window_pane_get_fg_control_client	src/window.rs	unsafe extern "C" fn
window_pane_get_new_data	src/window.rs	unsafe extern "C" fn
window_pane_get_pane_lines	src/window.rs	unsafe extern "C" fn
window_pane_get_pane_status	src/window.rs	unsafe extern "C" fn
window_pane_get_theme	src/window.rs	unsafe extern "C" fn
window_pane_has_prompt	src/window.rs	unsafe extern "C" fn
window_pane_index	src/window.rs	unsafe extern "C" fn
window_pane_is_floating	src/window.rs	unsafe extern "C" fn
window_pane_is_visible	src/window.rs	unsafe extern "C" fn
window_pane_key	src/window.rs	unsafe extern "C" fn
window_pane_last_index	src/window.rs	unsafe extern "C" fn
window_pane_mode	src/window.rs	unsafe extern "C" fn
window_pane_next_by_number	src/window.rs	unsafe extern "C" fn
window_pane_paste	src/window.rs	unsafe extern "C" fn
window_pane_previous_by_number	src/window.rs	unsafe extern "C" fn
window_pane_printable_flags	src/window.rs	unsafe extern "C" fn
window_pane_prompt_key	src/window.rs	unsafe extern "C" fn
window_pane_remove_ref	src/window.rs	unsafe extern "C" fn
window_pane_reset_mode	src/window.rs	unsafe extern "C" fn
window_pane_reset_mode_all	src/window.rs	unsafe extern "C" fn
window_pane_resize	src/window.rs	unsafe extern "C" fn
window_pane_scrollbar_hide	src/window.rs	unsafe extern "C" fn
window_pane_scrollbar_overlay	src/window.rs	unsafe extern "C" fn
window_pane_scrollbar_overlay_visible	src/window.rs	unsafe extern "C" fn
window_pane_scrollbar_redraw	src/window.rs	unsafe extern "C" fn
window_pane_scrollbar_reserve	src/window.rs	unsafe extern "C" fn
window_pane_scrollbar_show	src/window.rs	unsafe extern "C" fn
window_pane_scrollbar_start_timer	src/window.rs	unsafe extern "C" fn
window_pane_scrollbar_visible	src/window.rs	unsafe extern "C" fn
window_pane_search	src/window.rs	unsafe extern "C" fn
window_pane_send_resize	src/window.rs	unsafe extern "C" fn
window_pane_send_theme_update	src/window.rs	unsafe extern "C" fn
window_pane_set_event	src/window.rs	unsafe extern "C" fn
window_pane_set_mode	src/window.rs	unsafe extern "C" fn
window_pane_set_prompt	src/window.rs	unsafe extern "C" fn
window_pane_show_scrollbar	src/window.rs	unsafe extern "C" fn
window_pane_stack_push	src/window.rs	unsafe extern "C" fn
window_pane_stack_remove	src/window.rs	unsafe extern "C" fn
window_pane_start_input	src/window.rs	unsafe extern "C" fn
window_pane_status_get_range	src/window.rs	unsafe extern "C" fn
window_pane_tree_RB_FIND	src/window.rs	unsafe extern "C" fn
window_pane_tree_RB_INSERT	src/window.rs	unsafe extern "C" fn
window_pane_tree_RB_INSERT_COLOR	src/window.rs	unsafe extern "C" fn
window_pane_tree_RB_MINMAX	src/window.rs	unsafe extern "C" fn
window_pane_tree_RB_NEXT	src/window.rs	unsafe extern "C" fn
window_pane_tree_RB_NFIND	src/window.rs	unsafe extern "C" fn
window_pane_tree_RB_PREV	src/window.rs	unsafe extern "C" fn
window_pane_tree_RB_REMOVE	src/window.rs	unsafe extern "C" fn
window_pane_tree_RB_REMOVE_COLOR	src/window.rs	unsafe extern "C" fn
window_pane_update_focus	src/window.rs	unsafe extern "C" fn
window_pane_update_prompt	src/window.rs	unsafe extern "C" fn
window_pane_update_used_data	src/window.rs	unsafe extern "C" fn
window_pane_wait_finish	src/window.rs	unsafe extern "C" fn
window_pane_zindex	src/window.rs	unsafe extern "C" fn
window_panes_mode	src/window_panes.rs	static mut
window_pop_zoom	src/window.rs	unsafe extern "C" fn
window_position_is_visible	src/window_visible.rs	unsafe extern "C" fn
window_printable_flags	src/window.rs	unsafe extern "C" fn
window_push_zoom	src/window.rs	unsafe extern "C" fn
window_redraw_active_switch	src/window.rs	unsafe extern "C" fn
window_remove_pane	src/window.rs	unsafe extern "C" fn
window_remove_ref	src/window.rs	unsafe extern "C" fn
window_resize	src/window.rs	unsafe extern "C" fn
window_set_active_pane	src/window.rs	unsafe extern "C" fn
window_set_fill_cells	src/window_border.rs	unsafe extern "C" fn
window_set_name	src/window.rs	unsafe extern "C" fn
window_switch_mode	src/window_switch.rs	static mut
window_tree_mode	src/window_tree.rs	static mut
window_unzoom	src/window.rs	unsafe extern "C" fn
window_update_activity	src/window.rs	unsafe extern "C" fn
window_update_focus	src/window.rs	unsafe extern "C" fn
window_view_mode	src/window_copy.rs	static mut
window_visible_ranges	src/window_visible.rs	unsafe extern "C" fn
window_zoom	src/window.rs	unsafe extern "C" fn
window_zoomed_pane	src/window.rs	unsafe extern "C" fn
windows	src/window.rs	static mut
windows_RB_FIND	src/window.rs	unsafe extern "C" fn
windows_RB_INSERT	src/window.rs	unsafe extern "C" fn
windows_RB_INSERT_COLOR	src/window.rs	unsafe extern "C" fn
windows_RB_MINMAX	src/window.rs	unsafe extern "C" fn
windows_RB_NEXT	src/window.rs	unsafe extern "C" fn
windows_RB_NFIND	src/window.rs	unsafe extern "C" fn
windows_RB_PREV	src/window.rs	unsafe extern "C" fn
windows_RB_REMOVE	src/window.rs	unsafe extern "C" fn
windows_RB_REMOVE_COLOR	src/window.rs	unsafe extern "C" fn
winlink_add	src/window.rs	unsafe extern "C" fn
winlink_clear_flags	src/window.rs	unsafe extern "C" fn
winlink_cmp	src/window.rs	unsafe extern "C" fn
winlink_count	src/window.rs	unsafe extern "C" fn
winlink_find_by_index	src/window.rs	unsafe extern "C" fn
winlink_find_by_window	src/window.rs	unsafe extern "C" fn
winlink_find_by_window_id	src/window.rs	unsafe extern "C" fn
winlink_next	src/window.rs	unsafe extern "C" fn
winlink_next_by_number	src/window.rs	unsafe extern "C" fn
winlink_previous	src/window.rs	unsafe extern "C" fn
winlink_previous_by_number	src/window.rs	unsafe extern "C" fn
winlink_remove	src/window.rs	unsafe extern "C" fn
winlink_set_window	src/window.rs	unsafe extern "C" fn
winlink_shuffle_up	src/window.rs	unsafe extern "C" fn
winlink_stack_push	src/window.rs	unsafe extern "C" fn
winlink_stack_remove	src/window.rs	unsafe extern "C" fn
winlinks_RB_FIND	src/window.rs	unsafe extern "C" fn
winlinks_RB_INSERT	src/window.rs	unsafe extern "C" fn
winlinks_RB_INSERT_COLOR	src/window.rs	unsafe extern "C" fn
winlinks_RB_MINMAX	src/window.rs	unsafe extern "C" fn
winlinks_RB_NEXT	src/window.rs	unsafe extern "C" fn
winlinks_RB_NFIND	src/window.rs	unsafe extern "C" fn
winlinks_RB_PREV	src/window.rs	unsafe extern "C" fn
winlinks_RB_REMOVE	src/window.rs	unsafe extern "C" fn
winlinks_RB_REMOVE_COLOR	src/window.rs	unsafe extern "C" fn
xasprintf	src/xmalloc.rs	unsafe extern "C" fn
xcalloc	src/xmalloc.rs	unsafe extern "C" fn
xmalloc	src/xmalloc.rs	unsafe extern "C" fn
xmemdup	src/xmalloc.rs	unsafe extern "C" fn
xrealloc	src/xmalloc.rs	unsafe extern "C" fn
xreallocarray	src/xmalloc.rs	unsafe extern "C" fn
xrecallocarray	src/xmalloc.rs	unsafe extern "C" fn
xsnprintf	src/xmalloc.rs	unsafe extern "C" fn
xstrdup	src/xmalloc.rs	unsafe extern "C" fn
xstrndup	src/xmalloc.rs	unsafe extern "C" fn
xvasprintf	src/xmalloc.rs	unsafe extern "C" fn
xvsnprintf	src/xmalloc.rs	unsafe extern "C" fn
yychar	src/cmd_parse.rs	static mut
yylval	src/cmd_parse.rs	static mut
yynerrs	src/cmd_parse.rs	static mut
